[2026-02-12T18:30:06.452Z] saveModel called for ID: tv-2899318-3, filePath: 3D Printer/ADXL/Clip_on_Snail_Shell_for_the_Articulated_Slug._/Door_V_8.stl
[2026-02-12T18:30:06.453Z] Initial absoluteFilePath: W:\3D Files Cabinet - Copy\3D Printer\ADXL\Clip_on_Snail_Shell_for_the_Articulated_Slug._\Door_V_8.stl
[2026-02-12T18:30:06.454Z] Resolved absoluteFilePath: W:\3D Files Cabinet - Copy\3D Printer\ADXL\Clip_on_Snail_Shell_for_the_Articulated_Slug._\Door_V_8-stl-munchie.json
[2026-02-12T18:30:06.459Z] SUCCESS: File found at W:\3D Files Cabinet - Copy\3D Printer\ADXL\Clip_on_Snail_Shell_for_the_Articulated_Slug._\Door_V_8-stl-munchie.json
[2026-02-12T18:30:06.487Z] saveModel called for ID: W--3D-Files-Cabinet---Copy-3D-Printer-Exturder_Hotend-mounts-BTT-Eddy-Probe-Easy-Adjustment-Mount-btt-eddy-z-offset-spacer-2_3mm-1b1463d8, filePath: 3D Printer/Exturder_Hotend mounts/BTT Eddy Probe Easy Adjustment Mount/btt-eddy-z-offset-spacer-2_3mm.3mf
[2026-02-12T18:30:06.487Z] Initial absoluteFilePath: W:\3D Files Cabinet - Copy\3D Printer\Exturder_Hotend mounts\BTT Eddy Probe Easy Adjustment Mount\btt-eddy-z-offset-spacer-2_3mm.3mf
[2026-02-12T18:30:06.488Z] Resolved absoluteFilePath: W:\3D Files Cabinet - Copy\3D Printer\Exturder_Hotend mounts\BTT Eddy Probe Easy Adjustment Mount\btt-eddy-z-offset-spacer-2_3mm-munchie.json
[2026-02-12T18:30:06.492Z] SUCCESS: File found at W:\3D Files Cabinet - Copy\3D Printer\Exturder_Hotend mounts\BTT Eddy Probe Easy Adjustment Mount\btt-eddy-z-offset-spacer-2_3mm-munchie.json
[2026-02-12T18:30:06.533Z] saveModel called for ID: W--3D-Files-Cabinet---Copy-3D-Printer-Exturder_Hotend-mounts-BTT-Eddy-Probe-Easy-Adjustment-Mount-easy-mount-extended-for-uhf-v1-2c53a77a, filePath: 3D Printer/Exturder_Hotend mounts/BTT Eddy Probe Easy Adjustment Mount/easy-mount-extended-for-uhf-v1.3mf
[2026-02-12T18:30:06.533Z] Initial absoluteFilePath: W:\3D Files Cabinet - Copy\3D Printer\Exturder_Hotend mounts\BTT Eddy Probe Easy Adjustment Mount\easy-mount-extended-for-uhf-v1.3mf
[2026-02-12T18:30:06.534Z] Resolved absoluteFilePath: W:\3D Files Cabinet - Copy\3D Printer\Exturder_Hotend mounts\BTT Eddy Probe Easy Adjustment Mount\easy-mount-extended-for-uhf-v1-munchie.json
[2026-02-12T18:30:06.535Z] SUCCESS: File found at W:\3D Files Cabinet - Copy\3D Printer\Exturder_Hotend mounts\BTT Eddy Probe Easy Adjustment Mount\easy-mount-extended-for-uhf-v1-munchie.json
[2026-02-12T18:31:09.185Z] saveModel called for ID: tv-2899318-3, filePath: 3D Printer/ADXL/Clip_on_Snail_Shell_for_the_Articulated_Slug._/Door_V_8-stl-munchie.json
[2026-02-12T18:31:09.186Z] Initial absoluteFilePath: W:\3D Files Cabinet - Copy\3D Printer\ADXL\Clip_on_Snail_Shell_for_the_Articulated_Slug._\Door_V_8-stl-munchie.json
[2026-02-12T18:31:09.187Z] Resolved absoluteFilePath: W:\3D Files Cabinet - Copy\3D Printer\ADXL\Clip_on_Snail_Shell_for_the_Articulated_Slug._\Door_V_8-stl-munchie.json
[2026-02-12T18:31:09.189Z] SUCCESS: File found at W:\3D Files Cabinet - Copy\3D Printer\ADXL\Clip_on_Snail_Shell_for_the_Articulated_Slug._\Door_V_8-stl-munchie.json
[2026-02-12T18:31:12.502Z] saveModel called for ID: tv-2899318-3, filePath: 3D Printer/ADXL/Clip_on_Snail_Shell_for_the_Articulated_Slug._/Door_V_8-stl-munchie.json
[2026-02-12T18:31:12.503Z] Initial absoluteFilePath: W:\3D Files Cabinet - Copy\3D Printer\ADXL\Clip_on_Snail_Shell_for_the_Articulated_Slug._\Door_V_8-stl-munchie.json
[2026-02-12T18:31:12.503Z] Resolved absoluteFilePath: W:\3D Files Cabinet - Copy\3D Printer\ADXL\Clip_on_Snail_Shell_for_the_Articulated_Slug._\Door_V_8-stl-munchie.json
[2026-02-12T18:31:12.504Z] SUCCESS: File found at W:\3D Files Cabinet - Copy\3D Printer\ADXL\Clip_on_Snail_Shell_for_the_Articulated_Slug._\Door_V_8-stl-munchie.json
[2026-02-12T18:32:11.148Z] saveModel called for ID: tv-2899318-3, filePath: 3D Printer/ADXL/Clip_on_Snail_Shell_for_the_Articulated_Slug._/Door_V_8.stl
[2026-02-12T18:32:11.148Z] Initial absoluteFilePath: W:\3D Files Cabinet - Copy\3D Printer\ADXL\Clip_on_Snail_Shell_for_the_Articulated_Slug._\Door_V_8.stl
[2026-02-12T18:32:11.149Z] Resolved absoluteFilePath: W:\3D Files Cabinet - Copy\3D Printer\ADXL\Clip_on_Snail_Shell_for_the_Articulated_Slug._\Door_V_8-stl-munchie.json
[2026-02-12T18:32:11.154Z] SUCCESS: File found at W:\3D Files Cabinet - Copy\3D Printer\ADXL\Clip_on_Snail_Shell_for_the_Articulated_Slug._\Door_V_8-stl-munchie.json
[2026-02-12T18:32:11.181Z] saveModel called for ID: W--3D-Files-Cabinet---Copy-3D-Printer-Exturder_Hotend-mounts-BTT-Eddy-Probe-Easy-Adjustment-Mount-btt-eddy-z-offset-spacer-2_3mm-1b1463d8, filePath: 3D Printer/Exturder_Hotend mounts/BTT Eddy Probe Easy Adjustment Mount/btt-eddy-z-offset-spacer-2_3mm.3mf
[2026-02-12T18:32:11.182Z] Initial absoluteFilePath: W:\3D Files Cabinet - Copy\3D Printer\Exturder_Hotend mounts\BTT Eddy Probe Easy Adjustment Mount\btt-eddy-z-offset-spacer-2_3mm.3mf
[2026-02-12T18:32:11.183Z] Resolved absoluteFilePath: W:\3D Files Cabinet - Copy\3D Printer\Exturder_Hotend mounts\BTT Eddy Probe Easy Adjustment Mount\btt-eddy-z-offset-spacer-2_3mm-munchie.json
[2026-02-12T18:32:11.186Z] SUCCESS: File found at W:\3D Files Cabinet - Copy\3D Printer\Exturder_Hotend mounts\BTT Eddy Probe Easy Adjustment Mount\btt-eddy-z-offset-spacer-2_3mm-munchie.json
[2026-02-12T18:32:11.214Z] saveModel called for ID: W--3D-Files-Cabinet---Copy-3D-Printer-Exturder_Hotend-mounts-BTT-Eddy-Probe-Easy-Adjustment-Mount-easy-mount-extended-for-uhf-v1-2c53a77a, filePath: 3D Printer/Exturder_Hotend mounts/BTT Eddy Probe Easy Adjustment Mount/easy-mount-extended-for-uhf-v1.3mf
[2026-02-12T18:32:11.214Z] Initial absoluteFilePath: W:\3D Files Cabinet - Copy\3D Printer\Exturder_Hotend mounts\BTT Eddy Probe Easy Adjustment Mount\easy-mount-extended-for-uhf-v1.3mf
[2026-02-12T18:32:11.215Z] Resolved absoluteFilePath: W:\3D Files Cabinet - Copy\3D Printer\Exturder_Hotend mounts\BTT Eddy Probe Easy Adjustment Mount\easy-mount-extended-for-uhf-v1-munchie.json
[2026-02-12T18:32:11.215Z] SUCCESS: File found at W:\3D Files Cabinet - Copy\3D Printer\Exturder_Hotend mounts\BTT Eddy Probe Easy Adjustment Mount\easy-mount-extended-for-uhf-v1-munchie.json
[2026-02-12T18:33:19.811Z] saveModel called for ID: tv-2899318-3, filePath: 3D Printer/ADXL/Clip_on_Snail_Shell_for_the_Articulated_Slug._/Door_V_8.stl
[2026-02-12T18:33:19.812Z] Initial absoluteFilePath: W:\3D Files Cabinet - Copy\3D Printer\ADXL\Clip_on_Snail_Shell_for_the_Articulated_Slug._\Door_V_8.stl
[2026-02-12T18:33:19.813Z] Resolved absoluteFilePath: W:\3D Files Cabinet - Copy\3D Printer\ADXL\Clip_on_Snail_Shell_for_the_Articulated_Slug._\Door_V_8-stl-munchie.json
[2026-02-12T18:33:19.817Z] SUCCESS: File found at W:\3D Files Cabinet - Copy\3D Printer\ADXL\Clip_on_Snail_Shell_for_the_Articulated_Slug._\Door_V_8-stl-munchie.json
[2026-02-12T18:33:19.848Z] saveModel called for ID: W--3D-Files-Cabinet---Copy-3D-Printer-Exturder_Hotend-mounts-BTT-Eddy-Probe-Easy-Adjustment-Mount-btt-eddy-z-offset-spacer-2_3mm-1b1463d8, filePath: 3D Printer/Exturder_Hotend mounts/BTT Eddy Probe Easy Adjustment Mount/btt-eddy-z-offset-spacer-2_3mm.3mf
[2026-02-12T18:33:19.849Z] Initial absoluteFilePath: W:\3D Files Cabinet - Copy\3D Printer\Exturder_Hotend mounts\BTT Eddy Probe Easy Adjustment Mount\btt-eddy-z-offset-spacer-2_3mm.3mf
[2026-02-12T18:33:19.849Z] Resolved absoluteFilePath: W:\3D Files Cabinet - Copy\3D Printer\Exturder_Hotend mounts\BTT Eddy Probe Easy Adjustment Mount\btt-eddy-z-offset-spacer-2_3mm-munchie.json
[2026-02-12T18:33:19.852Z] SUCCESS: File found at W:\3D Files Cabinet - Copy\3D Printer\Exturder_Hotend mounts\BTT Eddy Probe Easy Adjustment Mount\btt-eddy-z-offset-spacer-2_3mm-munchie.json
[2026-02-12T18:33:19.886Z] saveModel called for ID: W--3D-Files-Cabinet---Copy-3D-Printer-Exturder_Hotend-mounts-BTT-Eddy-Probe-Easy-Adjustment-Mount-easy-mount-extended-for-uhf-v1-2c53a77a, filePath: 3D Printer/Exturder_Hotend mounts/BTT Eddy Probe Easy Adjustment Mount/easy-mount-extended-for-uhf-v1.3mf
[2026-02-12T18:33:19.887Z] Initial absoluteFilePath: W:\3D Files Cabinet - Copy\3D Printer\Exturder_Hotend mounts\BTT Eddy Probe Easy Adjustment Mount\easy-mount-extended-for-uhf-v1.3mf
[2026-02-12T18:33:19.887Z] Resolved absoluteFilePath: W:\3D Files Cabinet - Copy\3D Printer\Exturder_Hotend mounts\BTT Eddy Probe Easy Adjustment Mount\easy-mount-extended-for-uhf-v1-munchie.json
[2026-02-12T18:33:19.888Z] SUCCESS: File found at W:\3D Files Cabinet - Copy\3D Printer\Exturder_Hotend mounts\BTT Eddy Probe Easy Adjustment Mount\easy-mount-extended-for-uhf-v1-munchie.json
[2026-02-12T18:34:19.200Z] saveModel called for ID: tv-2899318-3, filePath: 3D Printer/ADXL/Clip_on_Snail_Shell_for_the_Articulated_Slug._/Door_V_8.stl
[2026-02-12T18:34:19.200Z] Initial absoluteFilePath: W:\3D Files Cabinet - Copy\3D Printer\ADXL\Clip_on_Snail_Shell_for_the_Articulated_Slug._\Door_V_8.stl
[2026-02-12T18:34:19.201Z] Resolved absoluteFilePath: W:\3D Files Cabinet - Copy\3D Printer\ADXL\Clip_on_Snail_Shell_for_the_Articulated_Slug._\Door_V_8-stl-munchie.json
[2026-02-12T18:34:19.207Z] SUCCESS: File found at W:\3D Files Cabinet - Copy\3D Printer\ADXL\Clip_on_Snail_Shell_for_the_Articulated_Slug._\Door_V_8-stl-munchie.json
[2026-02-12T18:34:19.210Z] [Tags Debug] Current tags in file: ["FIN","should be here still after fin deletion"]
[2026-02-12T18:34:19.210Z] [Tags Debug] Incoming changes: ["should be here still after fin deletion"]
[2026-02-12T18:34:19.211Z] [Tags Debug] Resulting tags to save: ["should be here still after fin deletion"]
[2026-02-12T18:34:19.237Z] saveModel called for ID: W--3D-Files-Cabinet---Copy-3D-Printer-Exturder_Hotend-mounts-BTT-Eddy-Probe-Easy-Adjustment-Mount-btt-eddy-z-offset-spacer-2_3mm-1b1463d8, filePath: 3D Printer/Exturder_Hotend mounts/BTT Eddy Probe Easy Adjustment Mount/btt-eddy-z-offset-spacer-2_3mm.3mf
[2026-02-12T18:34:19.238Z] Initial absoluteFilePath: W:\3D Files Cabinet - Copy\3D Printer\Exturder_Hotend mounts\BTT Eddy Probe Easy Adjustment Mount\btt-eddy-z-offset-spacer-2_3mm.3mf
[2026-02-12T18:34:19.238Z] Resolved absoluteFilePath: W:\3D Files Cabinet - Copy\3D Printer\Exturder_Hotend mounts\BTT Eddy Probe Easy Adjustment Mount\btt-eddy-z-offset-spacer-2_3mm-munchie.json
[2026-02-12T18:34:19.243Z] SUCCESS: File found at W:\3D Files Cabinet - Copy\3D Printer\Exturder_Hotend mounts\BTT Eddy Probe Easy Adjustment Mount\btt-eddy-z-offset-spacer-2_3mm-munchie.json
[2026-02-12T18:34:19.245Z] [Tags Debug] Current tags in file: ["BTT Eddy Probe Easy Adjustment Mount","FIN"]
[2026-02-12T18:34:19.245Z] [Tags Debug] Incoming changes: ["BTT Eddy Probe Easy Adjustment Mount"]
[2026-02-12T18:34:19.246Z] [Tags Debug] Resulting tags to save: ["BTT Eddy Probe Easy Adjustment Mount"]
[2026-02-12T18:34:19.276Z] saveModel called for ID: W--3D-Files-Cabinet---Copy-3D-Printer-Exturder_Hotend-mounts-BTT-Eddy-Probe-Easy-Adjustment-Mount-easy-mount-extended-for-uhf-v1-2c53a77a, filePath: 3D Printer/Exturder_Hotend mounts/BTT Eddy Probe Easy Adjustment Mount/easy-mount-extended-for-uhf-v1.3mf
[2026-02-12T18:34:19.277Z] Initial absoluteFilePath: W:\3D Files Cabinet - Copy\3D Printer\Exturder_Hotend mounts\BTT Eddy Probe Easy Adjustment Mount\easy-mount-extended-for-uhf-v1.3mf
[2026-02-12T18:34:19.277Z] Resolved absoluteFilePath: W:\3D Files Cabinet - Copy\3D Printer\Exturder_Hotend mounts\BTT Eddy Probe Easy Adjustment Mount\easy-mount-extended-for-uhf-v1-munchie.json
[2026-02-12T18:34:19.278Z] SUCCESS: File found at W:\3D Files Cabinet - Copy\3D Printer\Exturder_Hotend mounts\BTT Eddy Probe Easy Adjustment Mount\easy-mount-extended-for-uhf-v1-munchie.json
[2026-02-12T18:34:19.279Z] [Tags Debug] Current tags in file: ["BTT Eddy Probe Easy Adjustment Mount","FIN"]
[2026-02-12T18:34:19.279Z] [Tags Debug] Incoming changes: ["BTT Eddy Probe Easy Adjustment Mount"]
[2026-02-12T18:34:19.279Z] [Tags Debug] Resulting tags to save: ["BTT Eddy Probe Easy Adjustment Mount"]
[2026-02-12T18:35:04.050Z] saveModel called for ID: W--3D-Files-Cabinet---Copy-3D-Printer-Klipper-Hub-Screen-Wall-Mount-BIQU-PITFT50-v2-0-touch-screen-case---5881751-files-BTFT50v2_mounting_bracket-679f8ea9, filePath: 3D Printer/Klipper Hub Screen Wall Mount/BIQU PITFT50 v2.0 touch screen case - 5881751/files/BTFT50v2_mounting_bracket.stl
[2026-02-12T18:35:04.051Z] Initial absoluteFilePath: W:\3D Files Cabinet - Copy\3D Printer\Klipper Hub Screen Wall Mount\BIQU PITFT50 v2.0 touch screen case - 5881751\files\BTFT50v2_mounting_bracket.stl
[2026-02-12T18:35:04.052Z] Resolved absoluteFilePath: W:\3D Files Cabinet - Copy\3D Printer\Klipper Hub Screen Wall Mount\BIQU PITFT50 v2.0 touch screen case - 5881751\files\BTFT50v2_mounting_bracket-stl-munchie.json
[2026-02-12T18:35:04.058Z] SUCCESS: File found at W:\3D Files Cabinet - Copy\3D Printer\Klipper Hub Screen Wall Mount\BIQU PITFT50 v2.0 touch screen case - 5881751\files\BTFT50v2_mounting_bracket-stl-munchie.json
[2026-02-12T18:35:04.061Z] [Tags Debug] Current tags in file: ["files"]
[2026-02-12T18:35:04.062Z] [Tags Debug] Incoming changes: []
[2026-02-12T18:35:04.063Z] [Tags Debug] Resulting tags to save: []
[2026-02-12T18:35:04.103Z] saveModel called for ID: W--3D-Files-Cabinet---Copy-3D-Printer-Klipper-Hub-Screen-Wall-Mount-BIQU-PITFT50-v2-0-touch-screen-case---5881751-files-BTFT50v2_pi_cover-a96a3fc9, filePath: 3D Printer/Klipper Hub Screen Wall Mount/BIQU PITFT50 v2.0 touch screen case - 5881751/files/BTFT50v2_pi_cover.stl
[2026-02-12T18:35:04.104Z] Initial absoluteFilePath: W:\3D Files Cabinet - Copy\3D Printer\Klipper Hub Screen Wall Mount\BIQU PITFT50 v2.0 touch screen case - 5881751\files\BTFT50v2_pi_cover.stl
[2026-02-12T18:35:04.104Z] Resolved absoluteFilePath: W:\3D Files Cabinet - Copy\3D Printer\Klipper Hub Screen Wall Mount\BIQU PITFT50 v2.0 touch screen case - 5881751\files\BTFT50v2_pi_cover-stl-munchie.json
[2026-02-12T18:35:04.108Z] SUCCESS: File found at W:\3D Files Cabinet - Copy\3D Printer\Klipper Hub Screen Wall Mount\BIQU PITFT50 v2.0 touch screen case - 5881751\files\BTFT50v2_pi_cover-stl-munchie.json
[2026-02-12T18:35:04.109Z] [Tags Debug] Current tags in file: ["files"]
[2026-02-12T18:35:04.109Z] [Tags Debug] Incoming changes: []
[2026-02-12T18:35:04.109Z] [Tags Debug] Resulting tags to save: []
[2026-02-12T18:35:04.134Z] saveModel called for ID: W--3D-Files-Cabinet---Copy-3D-Printer-Klipper-Hub-Screen-Wall-Mount-BIQU-PITFT50-v2-0-touch-screen-case---5881751-files-BTFT50v2_pi_cover_with_mounting_posts-a461b387, filePath: 3D Printer/Klipper Hub Screen Wall Mount/BIQU PITFT50 v2.0 touch screen case - 5881751/files/BTFT50v2_pi_cover_with_mounting_posts.stl
[2026-02-12T18:35:04.135Z] Initial absoluteFilePath: W:\3D Files Cabinet - Copy\3D Printer\Klipper Hub Screen Wall Mount\BIQU PITFT50 v2.0 touch screen case - 5881751\files\BTFT50v2_pi_cover_with_mounting_posts.stl
[2026-02-12T18:35:04.135Z] Resolved absoluteFilePath: W:\3D Files Cabinet - Copy\3D Printer\Klipper Hub Screen Wall Mount\BIQU PITFT50 v2.0 touch screen case - 5881751\files\BTFT50v2_pi_cover_with_mounting_posts-stl-munchie.json
[2026-02-12T18:35:04.139Z] SUCCESS: File found at W:\3D Files Cabinet - Copy\3D Printer\Klipper Hub Screen Wall Mount\BIQU PITFT50 v2.0 touch screen case - 5881751\files\BTFT50v2_pi_cover_with_mounting_posts-stl-munchie.json
[2026-02-12T18:35:04.140Z] [Tags Debug] Current tags in file: ["files"]
[2026-02-12T18:35:04.140Z] [Tags Debug] Incoming changes: []
[2026-02-12T18:35:04.141Z] [Tags Debug] Resulting tags to save: []
[2026-02-12T18:35:04.166Z] saveModel called for ID: W--3D-Files-Cabinet---Copy-3D-Printer-Klipper-Hub-Screen-Wall-Mount-BIQU-PITFT50-v2-0-touch-screen-case---5881751-files-BTFT50v2_rear_plate-73167edd, filePath: 3D Printer/Klipper Hub Screen Wall Mount/BIQU PITFT50 v2.0 touch screen case - 5881751/files/BTFT50v2_rear_plate.stl
[2026-02-12T18:35:04.167Z] Initial absoluteFilePath: W:\3D Files Cabinet - Copy\3D Printer\Klipper Hub Screen Wall Mount\BIQU PITFT50 v2.0 touch screen case - 5881751\files\BTFT50v2_rear_plate.stl
[2026-02-12T18:35:04.167Z] Resolved absoluteFilePath: W:\3D Files Cabinet - Copy\3D Printer\Klipper Hub Screen Wall Mount\BIQU PITFT50 v2.0 touch screen case - 5881751\files\BTFT50v2_rear_plate-stl-munchie.json
[2026-02-12T18:35:04.171Z] SUCCESS: File found at W:\3D Files Cabinet - Copy\3D Printer\Klipper Hub Screen Wall Mount\BIQU PITFT50 v2.0 touch screen case - 5881751\files\BTFT50v2_rear_plate-stl-munchie.json
[2026-02-12T18:35:04.171Z] [Tags Debug] Current tags in file: ["files"]
[2026-02-12T18:35:04.172Z] [Tags Debug] Incoming changes: []
[2026-02-12T18:35:04.172Z] [Tags Debug] Resulting tags to save: []
[2026-02-12T18:35:04.197Z] saveModel called for ID: W--3D-Files-Cabinet---Copy-3D-Printer-Klipper-Hub-Screen-Wall-Mount-BIQU-PITFT50-v2-0-touch-screen-case---5881751-files-BTT-PITFT50_Case_-_Front_Screen_Cover-2764e9bf, filePath: 3D Printer/Klipper Hub Screen Wall Mount/BIQU PITFT50 v2.0 touch screen case - 5881751/files/BTT-PITFT50_Case_-_Front_Screen_Cover.stl
[2026-02-12T18:35:04.198Z] Initial absoluteFilePath: W:\3D Files Cabinet - Copy\3D Printer\Klipper Hub Screen Wall Mount\BIQU PITFT50 v2.0 touch screen case - 5881751\files\BTT-PITFT50_Case_-_Front_Screen_Cover.stl
[2026-02-12T18:35:04.198Z] Resolved absoluteFilePath: W:\3D Files Cabinet - Copy\3D Printer\Klipper Hub Screen Wall Mount\BIQU PITFT50 v2.0 touch screen case - 5881751\files\BTT-PITFT50_Case_-_Front_Screen_Cover-stl-munchie.json
[2026-02-12T18:35:04.201Z] SUCCESS: File found at W:\3D Files Cabinet - Copy\3D Printer\Klipper Hub Screen Wall Mount\BIQU PITFT50 v2.0 touch screen case - 5881751\files\BTT-PITFT50_Case_-_Front_Screen_Cover-stl-munchie.json
[2026-02-12T18:35:04.202Z] [Tags Debug] Current tags in file: ["files"]
[2026-02-12T18:35:04.202Z] [Tags Debug] Incoming changes: []
[2026-02-12T18:35:04.203Z] [Tags Debug] Resulting tags to save: []
[2026-02-12T18:35:04.229Z] saveModel called for ID: W--3D-Files-Cabinet---Copy-3D-Printer-Klipper-Hub-Screen-Wall-Mount-BIQU-PITFT50-v2-0-touch-screen-case---5881751-files-BTT-PITFT50_Case_-_Rear_Case_Bracket-bd1735eb, filePath: 3D Printer/Klipper Hub Screen Wall Mount/BIQU PITFT50 v2.0 touch screen case - 5881751/files/BTT-PITFT50_Case_-_Rear_Case_Bracket.stl
[2026-02-12T18:35:04.230Z] Initial absoluteFilePath: W:\3D Files Cabinet - Copy\3D Printer\Klipper Hub Screen Wall Mount\BIQU PITFT50 v2.0 touch screen case - 5881751\files\BTT-PITFT50_Case_-_Rear_Case_Bracket.stl
[2026-02-12T18:35:04.230Z] Resolved absoluteFilePath: W:\3D Files Cabinet - Copy\3D Printer\Klipper Hub Screen Wall Mount\BIQU PITFT50 v2.0 touch screen case - 5881751\files\BTT-PITFT50_Case_-_Rear_Case_Bracket-stl-munchie.json
[2026-02-12T18:35:04.232Z] SUCCESS: File found at W:\3D Files Cabinet - Copy\3D Printer\Klipper Hub Screen Wall Mount\BIQU PITFT50 v2.0 touch screen case - 5881751\files\BTT-PITFT50_Case_-_Rear_Case_Bracket-stl-munchie.json
[2026-02-12T18:35:04.233Z] [Tags Debug] Current tags in file: ["files"]
[2026-02-12T18:35:04.233Z] [Tags Debug] Incoming changes: []
[2026-02-12T18:35:04.234Z] [Tags Debug] Resulting tags to save: []
[2026-02-12T18:35:04.260Z] saveModel called for ID: W--3D-Files-Cabinet---Copy-3D-Printer-Printers-CR-10-CR-10_Mod_-_Standalone_-_All_in_One-files-Corners_-_Joint_Plate_-_-Mk1-7f156a7e, filePath: 3D Printer/Printers/CR-10/CR-10_Mod_-_Standalone_-_All_in_One/files/Corners_-_Joint_Plate_-_[Mk1.stl
[2026-02-12T18:35:04.260Z] Initial absoluteFilePath: W:\3D Files Cabinet - Copy\3D Printer\Printers\CR-10\CR-10_Mod_-_Standalone_-_All_in_One\files\Corners_-_Joint_Plate_-_[Mk1.stl
[2026-02-12T18:35:04.261Z] Resolved absoluteFilePath: W:\3D Files Cabinet - Copy\3D Printer\Printers\CR-10\CR-10_Mod_-_Standalone_-_All_in_One\files\Corners_-_Joint_Plate_-_[Mk1-stl-munchie.json
[2026-02-12T18:35:04.265Z] SUCCESS: File found at W:\3D Files Cabinet - Copy\3D Printer\Printers\CR-10\CR-10_Mod_-_Standalone_-_All_in_One\files\Corners_-_Joint_Plate_-_[Mk1-stl-munchie.json
[2026-02-12T18:35:04.269Z] [Tags Debug] Current tags in file: ["files"]
[2026-02-12T18:35:04.269Z] [Tags Debug] Incoming changes: []
[2026-02-12T18:35:04.270Z] [Tags Debug] Resulting tags to save: []
[2026-02-12T18:35:04.320Z] saveModel called for ID: W--3D-Files-Cabinet---Copy-3D-Printer-Printers-CR-10-CR-10_Mod_-_Standalone_-_All_in_One-files-FAN_120_-_Directional_Conveyor_-_-Mk1-57b9f6e6, filePath: 3D Printer/Printers/CR-10/CR-10_Mod_-_Standalone_-_All_in_One/files/FAN_120_-_Directional_Conveyor_-_[Mk1.stl
[2026-02-12T18:35:04.321Z] Initial absoluteFilePath: W:\3D Files Cabinet - Copy\3D Printer\Printers\CR-10\CR-10_Mod_-_Standalone_-_All_in_One\files\FAN_120_-_Directional_Conveyor_-_[Mk1.stl
[2026-02-12T18:35:04.321Z] Resolved absoluteFilePath: W:\3D Files Cabinet - Copy\3D Printer\Printers\CR-10\CR-10_Mod_-_Standalone_-_All_in_One\files\FAN_120_-_Directional_Conveyor_-_[Mk1-stl-munchie.json
[2026-02-12T18:35:04.322Z] SUCCESS: File found at W:\3D Files Cabinet - Copy\3D Printer\Printers\CR-10\CR-10_Mod_-_Standalone_-_All_in_One\files\FAN_120_-_Directional_Conveyor_-_[Mk1-stl-munchie.json
[2026-02-12T18:35:04.323Z] [Tags Debug] Current tags in file: ["files"]
[2026-02-12T18:35:04.323Z] [Tags Debug] Incoming changes: []
[2026-02-12T18:35:04.323Z] [Tags Debug] Resulting tags to save: []
[2026-02-12T18:35:04.346Z] saveModel called for ID: W--3D-Files-Cabinet---Copy-3D-Printer-Printers-CR-10-CR-10_Mod_-_Standalone_-_All_in_One-files-PSU_-_Clamp_-v2-2626cd95, filePath: 3D Printer/Printers/CR-10/CR-10_Mod_-_Standalone_-_All_in_One/files/PSU_-_Clamp_[v2.stl
[2026-02-12T18:35:04.346Z] Initial absoluteFilePath: W:\3D Files Cabinet - Copy\3D Printer\Printers\CR-10\CR-10_Mod_-_Standalone_-_All_in_One\files\PSU_-_Clamp_[v2.stl
[2026-02-12T18:35:04.347Z] Resolved absoluteFilePath: W:\3D Files Cabinet - Copy\3D Printer\Printers\CR-10\CR-10_Mod_-_Standalone_-_All_in_One\files\PSU_-_Clamp_[v2-stl-munchie.json
[2026-02-12T18:35:04.347Z] SUCCESS: File found at W:\3D Files Cabinet - Copy\3D Printer\Printers\CR-10\CR-10_Mod_-_Standalone_-_All_in_One\files\PSU_-_Clamp_[v2-stl-munchie.json
[2026-02-12T18:35:04.348Z] [Tags Debug] Current tags in file: ["files"]
[2026-02-12T18:35:04.348Z] [Tags Debug] Incoming changes: []
[2026-02-12T18:35:04.349Z] [Tags Debug] Resulting tags to save: []
[2026-02-12T18:35:04.371Z] saveModel called for ID: W--3D-Files-Cabinet---Copy-3D-Printer-Printers-CR-10-CR-10_Mod_-_Standalone_-_All_in_One-files-PSU_-_Fan_60_-_Adapter_-_-Mk1-bc4b20b2, filePath: 3D Printer/Printers/CR-10/CR-10_Mod_-_Standalone_-_All_in_One/files/PSU_-_Fan_60_-_Adapter_-_[Mk1.stl
[2026-02-12T18:35:04.371Z] Initial absoluteFilePath: W:\3D Files Cabinet - Copy\3D Printer\Printers\CR-10\CR-10_Mod_-_Standalone_-_All_in_One\files\PSU_-_Fan_60_-_Adapter_-_[Mk1.stl
[2026-02-12T18:35:04.372Z] Resolved absoluteFilePath: W:\3D Files Cabinet - Copy\3D Printer\Printers\CR-10\CR-10_Mod_-_Standalone_-_All_in_One\files\PSU_-_Fan_60_-_Adapter_-_[Mk1-stl-munchie.json
[2026-02-12T18:35:04.372Z] SUCCESS: File found at W:\3D Files Cabinet - Copy\3D Printer\Printers\CR-10\CR-10_Mod_-_Standalone_-_All_in_One\files\PSU_-_Fan_60_-_Adapter_-_[Mk1-stl-munchie.json
[2026-02-12T18:35:04.373Z] [Tags Debug] Current tags in file: ["files"]
[2026-02-12T18:35:04.373Z] [Tags Debug] Incoming changes: []
[2026-02-12T18:35:04.374Z] [Tags Debug] Resulting tags to save: []
[2026-02-12T18:35:04.397Z] saveModel called for ID: W--3D-Files-Cabinet---Copy-3D-Printer-Printers-CR-10-CR-10_Mod_-_Standalone_-_All_in_One-files-PSU_-_Fan_60_-_Clamp_-_-Mk1-90efbcb3, filePath: 3D Printer/Printers/CR-10/CR-10_Mod_-_Standalone_-_All_in_One/files/PSU_-_Fan_60_-_Clamp_-_[Mk1.stl
[2026-02-12T18:35:04.398Z] Initial absoluteFilePath: W:\3D Files Cabinet - Copy\3D Printer\Printers\CR-10\CR-10_Mod_-_Standalone_-_All_in_One\files\PSU_-_Fan_60_-_Clamp_-_[Mk1.stl
[2026-02-12T18:35:04.398Z] Resolved absoluteFilePath: W:\3D Files Cabinet - Copy\3D Printer\Printers\CR-10\CR-10_Mod_-_Standalone_-_All_in_One\files\PSU_-_Fan_60_-_Clamp_-_[Mk1-stl-munchie.json
[2026-02-12T18:35:04.399Z] SUCCESS: File found at W:\3D Files Cabinet - Copy\3D Printer\Printers\CR-10\CR-10_Mod_-_Standalone_-_All_in_One\files\PSU_-_Fan_60_-_Clamp_-_[Mk1-stl-munchie.json
[2026-02-12T18:35:04.399Z] [Tags Debug] Current tags in file: ["files"]
[2026-02-12T18:35:04.399Z] [Tags Debug] Incoming changes: []
[2026-02-12T18:35:04.400Z] [Tags Debug] Resulting tags to save: []
[2026-02-12T18:35:04.421Z] saveModel called for ID: W--3D-Files-Cabinet---Copy-3D-Printer-Printers-CR-10-CR-10_Mod_-_Standalone_-_All_in_One-files-Sonoff_-_Adapter_-_-Mk1-a1f63781, filePath: 3D Printer/Printers/CR-10/CR-10_Mod_-_Standalone_-_All_in_One/files/Sonoff_-_Adapter_-_[Mk1.stl
[2026-02-12T18:35:04.421Z] Initial absoluteFilePath: W:\3D Files Cabinet - Copy\3D Printer\Printers\CR-10\CR-10_Mod_-_Standalone_-_All_in_One\files\Sonoff_-_Adapter_-_[Mk1.stl
[2026-02-12T18:35:04.422Z] Resolved absoluteFilePath: W:\3D Files Cabinet - Copy\3D Printer\Printers\CR-10\CR-10_Mod_-_Standalone_-_All_in_One\files\Sonoff_-_Adapter_-_[Mk1-stl-munchie.json
[2026-02-12T18:35:04.422Z] SUCCESS: File found at W:\3D Files Cabinet - Copy\3D Printer\Printers\CR-10\CR-10_Mod_-_Standalone_-_All_in_One\files\Sonoff_-_Adapter_-_[Mk1-stl-munchie.json
[2026-02-12T18:35:04.423Z] [Tags Debug] Current tags in file: ["files"]
[2026-02-12T18:35:04.423Z] [Tags Debug] Incoming changes: []
[2026-02-12T18:35:04.423Z] [Tags Debug] Resulting tags to save: []
[2026-02-12T18:35:04.445Z] saveModel called for ID: W--3D-Files-Cabinet---Copy-3D-Printer-Printers-CR-10-CR-10_Mod_-_Standalone_-_All_in_One-files-Top_Panel_-_Back_LH_-_Elt_Connectors_Hub_-_-Mk1-ba2f1f89, filePath: 3D Printer/Printers/CR-10/CR-10_Mod_-_Standalone_-_All_in_One/files/Top_Panel_-_Back_LH_-_Elt_Connectors_Hub_-_[Mk1.stl
[2026-02-12T18:35:04.446Z] Initial absoluteFilePath: W:\3D Files Cabinet - Copy\3D Printer\Printers\CR-10\CR-10_Mod_-_Standalone_-_All_in_One\files\Top_Panel_-_Back_LH_-_Elt_Connectors_Hub_-_[Mk1.stl
[2026-02-12T18:35:04.446Z] Resolved absoluteFilePath: W:\3D Files Cabinet - Copy\3D Printer\Printers\CR-10\CR-10_Mod_-_Standalone_-_All_in_One\files\Top_Panel_-_Back_LH_-_Elt_Connectors_Hub_-_[Mk1-stl-munchie.json
[2026-02-12T18:35:04.447Z] SUCCESS: File found at W:\3D Files Cabinet - Copy\3D Printer\Printers\CR-10\CR-10_Mod_-_Standalone_-_All_in_One\files\Top_Panel_-_Back_LH_-_Elt_Connectors_Hub_-_[Mk1-stl-munchie.json
[2026-02-12T18:35:04.447Z] [Tags Debug] Current tags in file: ["files"]
[2026-02-12T18:35:04.448Z] [Tags Debug] Incoming changes: []
[2026-02-12T18:35:04.448Z] [Tags Debug] Resulting tags to save: []
[2026-02-12T18:35:04.472Z] saveModel called for ID: W--3D-Files-Cabinet---Copy-3D-Printer-Printers-CR-10-CR-10_Mod_-_Standalone_-_All_in_One-files-Top_Panel_-_Back_LH_-_-Mk1-69c95f35, filePath: 3D Printer/Printers/CR-10/CR-10_Mod_-_Standalone_-_All_in_One/files/Top_Panel_-_Back_LH_-_[Mk1.stl
[2026-02-12T18:35:04.472Z] Initial absoluteFilePath: W:\3D Files Cabinet - Copy\3D Printer\Printers\CR-10\CR-10_Mod_-_Standalone_-_All_in_One\files\Top_Panel_-_Back_LH_-_[Mk1.stl
[2026-02-12T18:35:04.473Z] Resolved absoluteFilePath: W:\3D Files Cabinet - Copy\3D Printer\Printers\CR-10\CR-10_Mod_-_Standalone_-_All_in_One\files\Top_Panel_-_Back_LH_-_[Mk1-stl-munchie.json
[2026-02-12T18:35:04.473Z] SUCCESS: File found at W:\3D Files Cabinet - Copy\3D Printer\Printers\CR-10\CR-10_Mod_-_Standalone_-_All_in_One\files\Top_Panel_-_Back_LH_-_[Mk1-stl-munchie.json
[2026-02-12T18:35:04.474Z] [Tags Debug] Current tags in file: ["files"]
[2026-02-12T18:35:04.474Z] [Tags Debug] Incoming changes: []
[2026-02-12T18:35:04.474Z] [Tags Debug] Resulting tags to save: []
[2026-02-12T18:35:04.497Z] saveModel called for ID: W--3D-Files-Cabinet---Copy-3D-Printer-Printers-CR-10-CR-10_Mod_-_Standalone_-_All_in_One-files-Top_Panel_-_Back_RH_-_-Mk1-0417132e, filePath: 3D Printer/Printers/CR-10/CR-10_Mod_-_Standalone_-_All_in_One/files/Top_Panel_-_Back_RH_-_[Mk1.stl
[2026-02-12T18:35:04.498Z] Initial absoluteFilePath: W:\3D Files Cabinet - Copy\3D Printer\Printers\CR-10\CR-10_Mod_-_Standalone_-_All_in_One\files\Top_Panel_-_Back_RH_-_[Mk1.stl
[2026-02-12T18:35:04.498Z] Resolved absoluteFilePath: W:\3D Files Cabinet - Copy\3D Printer\Printers\CR-10\CR-10_Mod_-_Standalone_-_All_in_One\files\Top_Panel_-_Back_RH_-_[Mk1-stl-munchie.json
[2026-02-12T18:35:04.499Z] SUCCESS: File found at W:\3D Files Cabinet - Copy\3D Printer\Printers\CR-10\CR-10_Mod_-_Standalone_-_All_in_One\files\Top_Panel_-_Back_RH_-_[Mk1-stl-munchie.json
[2026-02-12T18:35:04.499Z] [Tags Debug] Current tags in file: ["files"]
[2026-02-12T18:35:04.499Z] [Tags Debug] Incoming changes: []
[2026-02-12T18:35:04.500Z] [Tags Debug] Resulting tags to save: []
[2026-02-12T18:35:04.521Z] saveModel called for ID: W--3D-Files-Cabinet---Copy-3D-Printer-Printers-CR-10-CR-10_Mod_-_Standalone_-_All_in_One-files-Top_Panel_-_Front_LH-30284152, filePath: 3D Printer/Printers/CR-10/CR-10_Mod_-_Standalone_-_All_in_One/files/Top_Panel_-_Front_LH.stl
[2026-02-12T18:35:04.521Z] Initial absoluteFilePath: W:\3D Files Cabinet - Copy\3D Printer\Printers\CR-10\CR-10_Mod_-_Standalone_-_All_in_One\files\Top_Panel_-_Front_LH.stl
[2026-02-12T18:35:04.522Z] Resolved absoluteFilePath: W:\3D Files Cabinet - Copy\3D Printer\Printers\CR-10\CR-10_Mod_-_Standalone_-_All_in_One\files\Top_Panel_-_Front_LH-stl-munchie.json
[2026-02-12T18:35:04.522Z] SUCCESS: File found at W:\3D Files Cabinet - Copy\3D Printer\Printers\CR-10\CR-10_Mod_-_Standalone_-_All_in_One\files\Top_Panel_-_Front_LH-stl-munchie.json
[2026-02-12T18:35:04.523Z] [Tags Debug] Current tags in file: ["files"]
[2026-02-12T18:35:04.523Z] [Tags Debug] Incoming changes: []
[2026-02-12T18:35:04.523Z] [Tags Debug] Resulting tags to save: []
[2026-02-12T18:35:04.543Z] saveModel called for ID: W--3D-Files-Cabinet---Copy-3D-Printer-Printers-CR-10-CR-10_Mod_-_Standalone_-_All_in_One-files-Top_Panel_-_Front_RH-e4848406, filePath: 3D Printer/Printers/CR-10/CR-10_Mod_-_Standalone_-_All_in_One/files/Top_Panel_-_Front_RH.stl
[2026-02-12T18:35:04.544Z] Initial absoluteFilePath: W:\3D Files Cabinet - Copy\3D Printer\Printers\CR-10\CR-10_Mod_-_Standalone_-_All_in_One\files\Top_Panel_-_Front_RH.stl
[2026-02-12T18:35:04.544Z] Resolved absoluteFilePath: W:\3D Files Cabinet - Copy\3D Printer\Printers\CR-10\CR-10_Mod_-_Standalone_-_All_in_One\files\Top_Panel_-_Front_RH-stl-munchie.json
[2026-02-12T18:35:04.545Z] SUCCESS: File found at W:\3D Files Cabinet - Copy\3D Printer\Printers\CR-10\CR-10_Mod_-_Standalone_-_All_in_One\files\Top_Panel_-_Front_RH-stl-munchie.json
[2026-02-12T18:35:04.545Z] [Tags Debug] Current tags in file: ["files"]
[2026-02-12T18:35:04.545Z] [Tags Debug] Incoming changes: []
[2026-02-12T18:35:04.546Z] [Tags Debug] Resulting tags to save: []
[2026-02-12T18:35:04.566Z] saveModel called for ID: W--3D-Files-Cabinet---Copy-3D-Printer-Printers-CR-10-CR-10_Mod_-_Standalone_-_All_in_One-files-USB_Switch_Support_-v2-e02dd5f9, filePath: 3D Printer/Printers/CR-10/CR-10_Mod_-_Standalone_-_All_in_One/files/USB_Switch_Support_[v2.stl
[2026-02-12T18:35:04.566Z] Initial absoluteFilePath: W:\3D Files Cabinet - Copy\3D Printer\Printers\CR-10\CR-10_Mod_-_Standalone_-_All_in_One\files\USB_Switch_Support_[v2.stl
[2026-02-12T18:35:04.567Z] Resolved absoluteFilePath: W:\3D Files Cabinet - Copy\3D Printer\Printers\CR-10\CR-10_Mod_-_Standalone_-_All_in_One\files\USB_Switch_Support_[v2-stl-munchie.json
[2026-02-12T18:35:04.567Z] SUCCESS: File found at W:\3D Files Cabinet - Copy\3D Printer\Printers\CR-10\CR-10_Mod_-_Standalone_-_All_in_One\files\USB_Switch_Support_[v2-stl-munchie.json
[2026-02-12T18:35:04.568Z] [Tags Debug] Current tags in file: ["files"]
[2026-02-12T18:35:04.568Z] [Tags Debug] Incoming changes: []
[2026-02-12T18:35:04.569Z] [Tags Debug] Resulting tags to save: []
[2026-02-12T18:35:04.589Z] saveModel called for ID: W--3D-Files-Cabinet---Copy-3D-Printer-Printers-Ender-3-Yet-another-Ender-3-nozzle-wiper---6884573-files-E3NozzleWipe-5d63a958, filePath: 3D Printer/Printers/Ender 3/Yet another Ender 3 nozzle wiper - 6884573/files/E3NozzleWipe.3mf
[2026-02-12T18:35:04.589Z] Initial absoluteFilePath: W:\3D Files Cabinet - Copy\3D Printer\Printers\Ender 3\Yet another Ender 3 nozzle wiper - 6884573\files\E3NozzleWipe.3mf
[2026-02-12T18:35:04.589Z] Resolved absoluteFilePath: W:\3D Files Cabinet - Copy\3D Printer\Printers\Ender 3\Yet another Ender 3 nozzle wiper - 6884573\files\E3NozzleWipe-munchie.json
[2026-02-12T18:35:04.594Z] SUCCESS: File found at W:\3D Files Cabinet - Copy\3D Printer\Printers\Ender 3\Yet another Ender 3 nozzle wiper - 6884573\files\E3NozzleWipe-munchie.json
[2026-02-12T18:35:04.596Z] [Tags Debug] Current tags in file: ["files"]
[2026-02-12T18:35:04.597Z] [Tags Debug] Incoming changes: []
[2026-02-12T18:35:04.597Z] [Tags Debug] Resulting tags to save: []
[2026-02-12T18:35:04.617Z] saveModel called for ID: W--3D-Files-Cabinet---Copy-3D-Printer-Printers-Ender-3-Yet-another-Ender-3-nozzle-wiper---6884573-files-E3NozzleWipe-576f9537, filePath: 3D Printer/Printers/Ender 3/Yet another Ender 3 nozzle wiper - 6884573/files/E3NozzleWipe.stl
[2026-02-12T18:35:04.618Z] Initial absoluteFilePath: W:\3D Files Cabinet - Copy\3D Printer\Printers\Ender 3\Yet another Ender 3 nozzle wiper - 6884573\files\E3NozzleWipe.stl
[2026-02-12T18:35:04.618Z] Resolved absoluteFilePath: W:\3D Files Cabinet - Copy\3D Printer\Printers\Ender 3\Yet another Ender 3 nozzle wiper - 6884573\files\E3NozzleWipe-stl-munchie.json
[2026-02-12T18:35:04.619Z] SUCCESS: File found at W:\3D Files Cabinet - Copy\3D Printer\Printers\Ender 3\Yet another Ender 3 nozzle wiper - 6884573\files\E3NozzleWipe-stl-munchie.json
[2026-02-12T18:35:04.619Z] [Tags Debug] Current tags in file: ["files"]
[2026-02-12T18:35:04.619Z] [Tags Debug] Incoming changes: []
[2026-02-12T18:35:04.620Z] [Tags Debug] Resulting tags to save: []
[2026-02-12T18:35:04.642Z] saveModel called for ID: W--3D-Files-Cabinet---Copy-XYBA-Buttons-8bitdo-8BitDo-Ultimate-BT-controller-Blank-and-XBOX-style-ABXY-buttons---5651789-files-8BitDo_A_button-a908e650, filePath: XYBA Buttons 8bitdo/8BitDo Ultimate BT controller Blank and XBOX style ABXY buttons - 5651789/files/8BitDo_A_button.stl
[2026-02-12T18:35:04.643Z] Initial absoluteFilePath: W:\3D Files Cabinet - Copy\XYBA Buttons 8bitdo\8BitDo Ultimate BT controller Blank and XBOX style ABXY buttons - 5651789\files\8BitDo_A_button.stl
[2026-02-12T18:35:04.643Z] Resolved absoluteFilePath: W:\3D Files Cabinet - Copy\XYBA Buttons 8bitdo\8BitDo Ultimate BT controller Blank and XBOX style ABXY buttons - 5651789\files\8BitDo_A_button-stl-munchie.json
[2026-02-12T18:35:04.648Z] SUCCESS: File found at W:\3D Files Cabinet - Copy\XYBA Buttons 8bitdo\8BitDo Ultimate BT controller Blank and XBOX style ABXY buttons - 5651789\files\8BitDo_A_button-stl-munchie.json
[2026-02-12T18:35:04.650Z] [Tags Debug] Current tags in file: ["files"]
[2026-02-12T18:35:04.651Z] [Tags Debug] Incoming changes: []
[2026-02-12T18:35:04.652Z] [Tags Debug] Resulting tags to save: []
[2026-02-12T18:35:04.685Z] saveModel called for ID: W--3D-Files-Cabinet---Copy-XYBA-Buttons-8bitdo-8BitDo-Ultimate-BT-controller-Blank-and-XBOX-style-ABXY-buttons---5651789-files-8bitDo_A_button_letterless-3934c1df, filePath: XYBA Buttons 8bitdo/8BitDo Ultimate BT controller Blank and XBOX style ABXY buttons - 5651789/files/8bitDo_A_button_letterless.stl
[2026-02-12T18:35:04.685Z] Initial absoluteFilePath: W:\3D Files Cabinet - Copy\XYBA Buttons 8bitdo\8BitDo Ultimate BT controller Blank and XBOX style ABXY buttons - 5651789\files\8bitDo_A_button_letterless.stl
[2026-02-12T18:35:04.686Z] Resolved absoluteFilePath: W:\3D Files Cabinet - Copy\XYBA Buttons 8bitdo\8BitDo Ultimate BT controller Blank and XBOX style ABXY buttons - 5651789\files\8bitDo_A_button_letterless-stl-munchie.json
[2026-02-12T18:35:04.686Z] SUCCESS: File found at W:\3D Files Cabinet - Copy\XYBA Buttons 8bitdo\8BitDo Ultimate BT controller Blank and XBOX style ABXY buttons - 5651789\files\8bitDo_A_button_letterless-stl-munchie.json
[2026-02-12T18:35:04.687Z] [Tags Debug] Current tags in file: ["files"]
[2026-02-12T18:35:04.687Z] [Tags Debug] Incoming changes: []
[2026-02-12T18:35:04.687Z] [Tags Debug] Resulting tags to save: []
[2026-02-12T18:35:04.705Z] saveModel called for ID: W--3D-Files-Cabinet---Copy-XYBA-Buttons-8bitdo-8BitDo-Ultimate-BT-controller-Blank-and-XBOX-style-ABXY-buttons---5651789-files-8BitDo_B_button-bf886e5c, filePath: XYBA Buttons 8bitdo/8BitDo Ultimate BT controller Blank and XBOX style ABXY buttons - 5651789/files/8BitDo_B_button.stl
[2026-02-12T18:35:04.706Z] Initial absoluteFilePath: W:\3D Files Cabinet - Copy\XYBA Buttons 8bitdo\8BitDo Ultimate BT controller Blank and XBOX style ABXY buttons - 5651789\files\8BitDo_B_button.stl
[2026-02-12T18:35:04.706Z] Resolved absoluteFilePath: W:\3D Files Cabinet - Copy\XYBA Buttons 8bitdo\8BitDo Ultimate BT controller Blank and XBOX style ABXY buttons - 5651789\files\8BitDo_B_button-stl-munchie.json
[2026-02-12T18:35:04.707Z] SUCCESS: File found at W:\3D Files Cabinet - Copy\XYBA Buttons 8bitdo\8BitDo Ultimate BT controller Blank and XBOX style ABXY buttons - 5651789\files\8BitDo_B_button-stl-munchie.json
[2026-02-12T18:35:04.707Z] [Tags Debug] Current tags in file: ["files"]
[2026-02-12T18:35:04.708Z] [Tags Debug] Incoming changes: []
[2026-02-12T18:35:04.708Z] [Tags Debug] Resulting tags to save: []
[2026-02-12T18:35:04.726Z] saveModel called for ID: W--3D-Files-Cabinet---Copy-XYBA-Buttons-8bitdo-8BitDo-Ultimate-BT-controller-Blank-and-XBOX-style-ABXY-buttons---5651789-files-8bitDo_B_button_letterless-54b57a86, filePath: XYBA Buttons 8bitdo/8BitDo Ultimate BT controller Blank and XBOX style ABXY buttons - 5651789/files/8bitDo_B_button_letterless.stl
[2026-02-12T18:35:04.727Z] Initial absoluteFilePath: W:\3D Files Cabinet - Copy\XYBA Buttons 8bitdo\8BitDo Ultimate BT controller Blank and XBOX style ABXY buttons - 5651789\files\8bitDo_B_button_letterless.stl
[2026-02-12T18:35:04.727Z] Resolved absoluteFilePath: W:\3D Files Cabinet - Copy\XYBA Buttons 8bitdo\8BitDo Ultimate BT controller Blank and XBOX style ABXY buttons - 5651789\files\8bitDo_B_button_letterless-stl-munchie.json
[2026-02-12T18:35:04.728Z] SUCCESS: File found at W:\3D Files Cabinet - Copy\XYBA Buttons 8bitdo\8BitDo Ultimate BT controller Blank and XBOX style ABXY buttons - 5651789\files\8bitDo_B_button_letterless-stl-munchie.json
[2026-02-12T18:35:04.730Z] [Tags Debug] Current tags in file: ["files"]
[2026-02-12T18:35:04.730Z] [Tags Debug] Incoming changes: []
[2026-02-12T18:35:04.731Z] [Tags Debug] Resulting tags to save: []
[2026-02-12T18:35:04.756Z] saveModel called for ID: W--3D-Files-Cabinet---Copy-XYBA-Buttons-8bitdo-8BitDo-Ultimate-BT-controller-Blank-and-XBOX-style-ABXY-buttons---5651789-files-8BitDo_X_button-14ab6952, filePath: XYBA Buttons 8bitdo/8BitDo Ultimate BT controller Blank and XBOX style ABXY buttons - 5651789/files/8BitDo_X_button.stl
[2026-02-12T18:35:04.756Z] Initial absoluteFilePath: W:\3D Files Cabinet - Copy\XYBA Buttons 8bitdo\8BitDo Ultimate BT controller Blank and XBOX style ABXY buttons - 5651789\files\8BitDo_X_button.stl
[2026-02-12T18:35:04.757Z] Resolved absoluteFilePath: W:\3D Files Cabinet - Copy\XYBA Buttons 8bitdo\8BitDo Ultimate BT controller Blank and XBOX style ABXY buttons - 5651789\files\8BitDo_X_button-stl-munchie.json
[2026-02-12T18:35:04.758Z] SUCCESS: File found at W:\3D Files Cabinet - Copy\XYBA Buttons 8bitdo\8BitDo Ultimate BT controller Blank and XBOX style ABXY buttons - 5651789\files\8BitDo_X_button-stl-munchie.json
[2026-02-12T18:35:04.758Z] [Tags Debug] Current tags in file: ["files"]
[2026-02-12T18:35:04.759Z] [Tags Debug] Incoming changes: []
[2026-02-12T18:35:04.759Z] [Tags Debug] Resulting tags to save: []
[2026-02-12T18:35:04.783Z] saveModel called for ID: W--3D-Files-Cabinet---Copy-XYBA-Buttons-8bitdo-8BitDo-Ultimate-BT-controller-Blank-and-XBOX-style-ABXY-buttons---5651789-files-8bitDo_X_button_letterless-fe71bd25, filePath: XYBA Buttons 8bitdo/8BitDo Ultimate BT controller Blank and XBOX style ABXY buttons - 5651789/files/8bitDo_X_button_letterless.stl
[2026-02-12T18:35:04.783Z] Initial absoluteFilePath: W:\3D Files Cabinet - Copy\XYBA Buttons 8bitdo\8BitDo Ultimate BT controller Blank and XBOX style ABXY buttons - 5651789\files\8bitDo_X_button_letterless.stl
[2026-02-12T18:35:04.784Z] Resolved absoluteFilePath: W:\3D Files Cabinet - Copy\XYBA Buttons 8bitdo\8BitDo Ultimate BT controller Blank and XBOX style ABXY buttons - 5651789\files\8bitDo_X_button_letterless-stl-munchie.json
[2026-02-12T18:35:04.785Z] SUCCESS: File found at W:\3D Files Cabinet - Copy\XYBA Buttons 8bitdo\8BitDo Ultimate BT controller Blank and XBOX style ABXY buttons - 5651789\files\8bitDo_X_button_letterless-stl-munchie.json
[2026-02-12T18:35:04.786Z] [Tags Debug] Current tags in file: ["files"]
[2026-02-12T18:35:04.786Z] [Tags Debug] Incoming changes: []
[2026-02-12T18:35:04.786Z] [Tags Debug] Resulting tags to save: []
[2026-02-12T18:35:04.806Z] saveModel called for ID: W--3D-Files-Cabinet---Copy-XYBA-Buttons-8bitdo-8BitDo-Ultimate-BT-controller-Blank-and-XBOX-style-ABXY-buttons---5651789-files-8BitDo_Y_button-6439a928, filePath: XYBA Buttons 8bitdo/8BitDo Ultimate BT controller Blank and XBOX style ABXY buttons - 5651789/files/8BitDo_Y_button.stl
[2026-02-12T18:35:04.807Z] Initial absoluteFilePath: W:\3D Files Cabinet - Copy\XYBA Buttons 8bitdo\8BitDo Ultimate BT controller Blank and XBOX style ABXY buttons - 5651789\files\8BitDo_Y_button.stl
[2026-02-12T18:35:04.807Z] Resolved absoluteFilePath: W:\3D Files Cabinet - Copy\XYBA Buttons 8bitdo\8BitDo Ultimate BT controller Blank and XBOX style ABXY buttons - 5651789\files\8BitDo_Y_button-stl-munchie.json
[2026-02-12T18:35:04.808Z] SUCCESS: File found at W:\3D Files Cabinet - Copy\XYBA Buttons 8bitdo\8BitDo Ultimate BT controller Blank and XBOX style ABXY buttons - 5651789\files\8BitDo_Y_button-stl-munchie.json
[2026-02-12T18:35:04.808Z] [Tags Debug] Current tags in file: ["files"]
[2026-02-12T18:35:04.809Z] [Tags Debug] Incoming changes: []
[2026-02-12T18:35:04.809Z] [Tags Debug] Resulting tags to save: []
[2026-02-12T18:35:04.827Z] saveModel called for ID: W--3D-Files-Cabinet---Copy-XYBA-Buttons-8bitdo-8BitDo-Ultimate-BT-controller-Blank-and-XBOX-style-ABXY-buttons---5651789-files-8bitDo_Y_button_letterless-c60d2a38, filePath: XYBA Buttons 8bitdo/8BitDo Ultimate BT controller Blank and XBOX style ABXY buttons - 5651789/files/8bitDo_Y_button_letterless.stl
[2026-02-12T18:35:04.828Z] Initial absoluteFilePath: W:\3D Files Cabinet - Copy\XYBA Buttons 8bitdo\8BitDo Ultimate BT controller Blank and XBOX style ABXY buttons - 5651789\files\8bitDo_Y_button_letterless.stl
[2026-02-12T18:35:04.828Z] Resolved absoluteFilePath: W:\3D Files Cabinet - Copy\XYBA Buttons 8bitdo\8BitDo Ultimate BT controller Blank and XBOX style ABXY buttons - 5651789\files\8bitDo_Y_button_letterless-stl-munchie.json
[2026-02-12T18:35:04.829Z] SUCCESS: File found at W:\3D Files Cabinet - Copy\XYBA Buttons 8bitdo\8BitDo Ultimate BT controller Blank and XBOX style ABXY buttons - 5651789\files\8bitDo_Y_button_letterless-stl-munchie.json
[2026-02-12T18:35:04.829Z] [Tags Debug] Current tags in file: ["files"]
[2026-02-12T18:35:04.830Z] [Tags Debug] Incoming changes: []
[2026-02-12T18:35:04.830Z] [Tags Debug] Resulting tags to save: []
[2026-02-12T18:35:04.848Z] saveModel called for ID: W--3D-Files-Cabinet---Copy-ART_Design-bonsie-tree-wall-art-files-P1-91d83632, filePath: ART_Design/bonsie tree wall art/files/P1.stl
[2026-02-12T18:35:04.849Z] Initial absoluteFilePath: W:\3D Files Cabinet - Copy\ART_Design\bonsie tree wall art\files\P1.stl
[2026-02-12T18:35:04.850Z] Resolved absoluteFilePath: W:\3D Files Cabinet - Copy\ART_Design\bonsie tree wall art\files\P1-stl-munchie.json
[2026-02-12T18:35:04.854Z] SUCCESS: File found at W:\3D Files Cabinet - Copy\ART_Design\bonsie tree wall art\files\P1-stl-munchie.json
[2026-02-12T18:35:04.856Z] [Tags Debug] Current tags in file: ["files"]
[2026-02-12T18:35:04.856Z] [Tags Debug] Incoming changes: []
[2026-02-12T18:35:04.857Z] [Tags Debug] Resulting tags to save: []
[2026-02-12T18:35:04.880Z] saveModel called for ID: W--3D-Files-Cabinet---Copy-ART_Design-bonsie-tree-wall-art-files-P2-46cdc70f, filePath: ART_Design/bonsie tree wall art/files/P2.stl
[2026-02-12T18:35:04.880Z] Initial absoluteFilePath: W:\3D Files Cabinet - Copy\ART_Design\bonsie tree wall art\files\P2.stl
[2026-02-12T18:35:04.881Z] Resolved absoluteFilePath: W:\3D Files Cabinet - Copy\ART_Design\bonsie tree wall art\files\P2-stl-munchie.json
[2026-02-12T18:35:04.881Z] SUCCESS: File found at W:\3D Files Cabinet - Copy\ART_Design\bonsie tree wall art\files\P2-stl-munchie.json
[2026-02-12T18:35:04.882Z] [Tags Debug] Current tags in file: ["files"]
[2026-02-12T18:35:04.882Z] [Tags Debug] Incoming changes: []
[2026-02-12T18:35:04.883Z] [Tags Debug] Resulting tags to save: []
[2026-02-12T18:35:04.900Z] saveModel called for ID: W--3D-Files-Cabinet---Copy-ART_Design-bonsie-tree-wall-art-files-P3-1e75cc4a, filePath: ART_Design/bonsie tree wall art/files/P3.stl
[2026-02-12T18:35:04.901Z] Initial absoluteFilePath: W:\3D Files Cabinet - Copy\ART_Design\bonsie tree wall art\files\P3.stl
[2026-02-12T18:35:04.901Z] Resolved absoluteFilePath: W:\3D Files Cabinet - Copy\ART_Design\bonsie tree wall art\files\P3-stl-munchie.json
[2026-02-12T18:35:04.902Z] SUCCESS: File found at W:\3D Files Cabinet - Copy\ART_Design\bonsie tree wall art\files\P3-stl-munchie.json
[2026-02-12T18:35:04.902Z] [Tags Debug] Current tags in file: ["files"]
[2026-02-12T18:35:04.903Z] [Tags Debug] Incoming changes: []
[2026-02-12T18:35:04.903Z] [Tags Debug] Resulting tags to save: []
[2026-02-12T18:35:04.920Z] saveModel called for ID: W--3D-Files-Cabinet---Copy-ART_Design-bonsie-tree-wall-art-files-P4-2031ca6a, filePath: ART_Design/bonsie tree wall art/files/P4.stl
[2026-02-12T18:35:04.920Z] Initial absoluteFilePath: W:\3D Files Cabinet - Copy\ART_Design\bonsie tree wall art\files\P4.stl
[2026-02-12T18:35:04.921Z] Resolved absoluteFilePath: W:\3D Files Cabinet - Copy\ART_Design\bonsie tree wall art\files\P4-stl-munchie.json
[2026-02-12T18:35:04.922Z] SUCCESS: File found at W:\3D Files Cabinet - Copy\ART_Design\bonsie tree wall art\files\P4-stl-munchie.json
[2026-02-12T18:35:04.922Z] [Tags Debug] Current tags in file: ["files"]
[2026-02-12T18:35:04.922Z] [Tags Debug] Incoming changes: []
[2026-02-12T18:35:04.923Z] [Tags Debug] Resulting tags to save: []
[2026-02-12T18:35:04.940Z] saveModel called for ID: W--3D-Files-Cabinet---Copy-ART_Design-bonsie-tree-wall-art-files-Serenity-86309527, filePath: ART_Design/bonsie tree wall art/files/Serenity.stl
[2026-02-12T18:35:04.940Z] Initial absoluteFilePath: W:\3D Files Cabinet - Copy\ART_Design\bonsie tree wall art\files\Serenity.stl
[2026-02-12T18:35:04.941Z] Resolved absoluteFilePath: W:\3D Files Cabinet - Copy\ART_Design\bonsie tree wall art\files\Serenity-stl-munchie.json
[2026-02-12T18:35:04.941Z] SUCCESS: File found at W:\3D Files Cabinet - Copy\ART_Design\bonsie tree wall art\files\Serenity-stl-munchie.json
[2026-02-12T18:35:04.942Z] [Tags Debug] Current tags in file: ["files"]
[2026-02-12T18:35:04.942Z] [Tags Debug] Incoming changes: []
[2026-02-12T18:35:04.943Z] [Tags Debug] Resulting tags to save: []
[2026-02-12T18:35:04.959Z] saveModel called for ID: W--3D-Files-Cabinet---Copy-ART_Design-Cascade_5224826-files-cascade1-88591de6, filePath: ART_Design/Cascade_5224826/files/cascade1.stl
[2026-02-12T18:35:05.005Z] Initial absoluteFilePath: W:\3D Files Cabinet - Copy\ART_Design\Cascade_5224826\files\cascade1.stl
[2026-02-12T18:35:05.006Z] Resolved absoluteFilePath: W:\3D Files Cabinet - Copy\ART_Design\Cascade_5224826\files\cascade1-stl-munchie.json
[2026-02-12T18:35:05.010Z] SUCCESS: File found at W:\3D Files Cabinet - Copy\ART_Design\Cascade_5224826\files\cascade1-stl-munchie.json
[2026-02-12T18:35:05.012Z] [Tags Debug] Current tags in file: ["files"]
[2026-02-12T18:35:05.013Z] [Tags Debug] Incoming changes: []
[2026-02-12T18:35:05.013Z] [Tags Debug] Resulting tags to save: []
[2026-02-12T18:35:05.033Z] saveModel called for ID: W--3D-Files-Cabinet---Copy-ART_Design-Cascade_5224826-files-cascade2-6e5b947a, filePath: ART_Design/Cascade_5224826/files/cascade2.stl
[2026-02-12T18:35:05.034Z] Initial absoluteFilePath: W:\3D Files Cabinet - Copy\ART_Design\Cascade_5224826\files\cascade2.stl
[2026-02-12T18:35:05.034Z] Resolved absoluteFilePath: W:\3D Files Cabinet - Copy\ART_Design\Cascade_5224826\files\cascade2-stl-munchie.json
[2026-02-12T18:35:05.035Z] SUCCESS: File found at W:\3D Files Cabinet - Copy\ART_Design\Cascade_5224826\files\cascade2-stl-munchie.json
[2026-02-12T18:35:05.036Z] [Tags Debug] Current tags in file: ["files"]
[2026-02-12T18:35:05.036Z] [Tags Debug] Incoming changes: []
[2026-02-12T18:35:05.037Z] [Tags Debug] Resulting tags to save: []
[2026-02-12T18:35:05.052Z] saveModel called for ID: W--3D-Files-Cabinet---Copy-ART_Design-Mountains_5225139-files-mountains-d0eccbfc, filePath: ART_Design/Mountains_5225139/files/mountains.stl
[2026-02-12T18:35:05.053Z] Initial absoluteFilePath: W:\3D Files Cabinet - Copy\ART_Design\Mountains_5225139\files\mountains.stl
[2026-02-12T18:35:05.053Z] Resolved absoluteFilePath: W:\3D Files Cabinet - Copy\ART_Design\Mountains_5225139\files\mountains-stl-munchie.json
[2026-02-12T18:35:05.056Z] SUCCESS: File found at W:\3D Files Cabinet - Copy\ART_Design\Mountains_5225139\files\mountains-stl-munchie.json
[2026-02-12T18:35:05.058Z] [Tags Debug] Current tags in file: ["files"]
[2026-02-12T18:35:05.058Z] [Tags Debug] Incoming changes: []
[2026-02-12T18:35:05.059Z] [Tags Debug] Resulting tags to save: []
[2026-02-12T18:35:05.075Z] saveModel called for ID: W--3D-Files-Cabinet---Copy-ART_Design-On_the_Lake_5173045-files-Body1-96646e92, filePath: ART_Design/On_the_Lake_5173045/files/Body1.stl
[2026-02-12T18:35:05.076Z] Initial absoluteFilePath: W:\3D Files Cabinet - Copy\ART_Design\On_the_Lake_5173045\files\Body1.stl
[2026-02-12T18:35:05.077Z] Resolved absoluteFilePath: W:\3D Files Cabinet - Copy\ART_Design\On_the_Lake_5173045\files\Body1-stl-munchie.json
[2026-02-12T18:35:05.080Z] SUCCESS: File found at W:\3D Files Cabinet - Copy\ART_Design\On_the_Lake_5173045\files\Body1-stl-munchie.json
[2026-02-12T18:35:05.082Z] [Tags Debug] Current tags in file: ["files"]
[2026-02-12T18:35:05.083Z] [Tags Debug] Incoming changes: []
[2026-02-12T18:35:05.083Z] [Tags Debug] Resulting tags to save: []
[2026-02-12T18:35:05.110Z] saveModel called for ID: W--3D-Files-Cabinet---Copy-ART_Design-On_the_Lake_5173045-files-Body2-32b762d9, filePath: ART_Design/On_the_Lake_5173045/files/Body2.stl
[2026-02-12T18:35:05.111Z] Initial absoluteFilePath: W:\3D Files Cabinet - Copy\ART_Design\On_the_Lake_5173045\files\Body2.stl
[2026-02-12T18:35:05.111Z] Resolved absoluteFilePath: W:\3D Files Cabinet - Copy\ART_Design\On_the_Lake_5173045\files\Body2-stl-munchie.json
[2026-02-12T18:35:05.112Z] SUCCESS: File found at W:\3D Files Cabinet - Copy\ART_Design\On_the_Lake_5173045\files\Body2-stl-munchie.json
[2026-02-12T18:35:05.112Z] [Tags Debug] Current tags in file: ["files"]
[2026-02-12T18:35:05.112Z] [Tags Debug] Incoming changes: []
[2026-02-12T18:35:05.113Z] [Tags Debug] Resulting tags to save: []
[2026-02-12T18:35:05.130Z] saveModel called for ID: W--3D-Files-Cabinet---Copy-ART_Design-On_the_Lake_5173045-files-Body3-1a02e4a7, filePath: ART_Design/On_the_Lake_5173045/files/Body3.stl
[2026-02-12T18:35:05.130Z] Initial absoluteFilePath: W:\3D Files Cabinet - Copy\ART_Design\On_the_Lake_5173045\files\Body3.stl
[2026-02-12T18:35:05.131Z] Resolved absoluteFilePath: W:\3D Files Cabinet - Copy\ART_Design\On_the_Lake_5173045\files\Body3-stl-munchie.json
[2026-02-12T18:35:05.131Z] SUCCESS: File found at W:\3D Files Cabinet - Copy\ART_Design\On_the_Lake_5173045\files\Body3-stl-munchie.json
[2026-02-12T18:35:05.132Z] [Tags Debug] Current tags in file: ["files"]
[2026-02-12T18:35:05.132Z] [Tags Debug] Incoming changes: []
[2026-02-12T18:35:05.132Z] [Tags Debug] Resulting tags to save: []
[2026-02-12T18:35:05.150Z] saveModel called for ID: W--3D-Files-Cabinet---Copy-ART_Design-On_the_Lake_5173045-files-Body4-0b66cbf2, filePath: ART_Design/On_the_Lake_5173045/files/Body4.stl
[2026-02-12T18:35:05.150Z] Initial absoluteFilePath: W:\3D Files Cabinet - Copy\ART_Design\On_the_Lake_5173045\files\Body4.stl
[2026-02-12T18:35:05.151Z] Resolved absoluteFilePath: W:\3D Files Cabinet - Copy\ART_Design\On_the_Lake_5173045\files\Body4-stl-munchie.json
[2026-02-12T18:35:05.152Z] SUCCESS: File found at W:\3D Files Cabinet - Copy\ART_Design\On_the_Lake_5173045\files\Body4-stl-munchie.json
[2026-02-12T18:35:05.152Z] [Tags Debug] Current tags in file: ["files"]
[2026-02-12T18:35:05.152Z] [Tags Debug] Incoming changes: []
[2026-02-12T18:35:05.153Z] [Tags Debug] Resulting tags to save: []
[2026-02-12T18:35:05.169Z] saveModel called for ID: W--3D-Files-Cabinet---Copy-ART_Design-On_the_Lake_5173045-files-Body5-26652a4d, filePath: ART_Design/On_the_Lake_5173045/files/Body5.stl
[2026-02-12T18:35:05.170Z] Initial absoluteFilePath: W:\3D Files Cabinet - Copy\ART_Design\On_the_Lake_5173045\files\Body5.stl
[2026-02-12T18:35:05.170Z] Resolved absoluteFilePath: W:\3D Files Cabinet - Copy\ART_Design\On_the_Lake_5173045\files\Body5-stl-munchie.json
[2026-02-12T18:35:05.171Z] SUCCESS: File found at W:\3D Files Cabinet - Copy\ART_Design\On_the_Lake_5173045\files\Body5-stl-munchie.json
[2026-02-12T18:35:05.171Z] [Tags Debug] Current tags in file: ["files"]
[2026-02-12T18:35:05.172Z] [Tags Debug] Incoming changes: []
[2026-02-12T18:35:05.172Z] [Tags Debug] Resulting tags to save: []
[2026-02-12T18:35:05.189Z] saveModel called for ID: W--3D-Files-Cabinet---Copy-ART_Design-On_the_Lake_5173045-files-Body6-c6ef063d, filePath: ART_Design/On_the_Lake_5173045/files/Body6.stl
[2026-02-12T18:35:05.190Z] Initial absoluteFilePath: W:\3D Files Cabinet - Copy\ART_Design\On_the_Lake_5173045\files\Body6.stl
[2026-02-12T18:35:05.190Z] Resolved absoluteFilePath: W:\3D Files Cabinet - Copy\ART_Design\On_the_Lake_5173045\files\Body6-stl-munchie.json
[2026-02-12T18:35:05.191Z] SUCCESS: File found at W:\3D Files Cabinet - Copy\ART_Design\On_the_Lake_5173045\files\Body6-stl-munchie.json
[2026-02-12T18:35:05.192Z] [Tags Debug] Current tags in file: ["files"]
[2026-02-12T18:35:05.192Z] [Tags Debug] Incoming changes: []
[2026-02-12T18:35:05.192Z] [Tags Debug] Resulting tags to save: []
[2026-02-12T18:35:05.209Z] saveModel called for ID: W--3D-Files-Cabinet---Copy-HouseHold-Prints-Bedroom-Wallet-Keys-Wall-Mount-Wallet__Keys___Glasses_Wall_Holder_5597814-files-wallet_keys_glasses_holder__25mm-028ed541, filePath: HouseHold Prints/Bedroom/Wallet Keys Wall Mount/Wallet__Keys___Glasses_Wall_Holder_5597814/files/wallet_keys_glasses_holder__25mm.stl
[2026-02-12T18:35:05.210Z] Initial absoluteFilePath: W:\3D Files Cabinet - Copy\HouseHold Prints\Bedroom\Wallet Keys Wall Mount\Wallet__Keys___Glasses_Wall_Holder_5597814\files\wallet_keys_glasses_holder__25mm.stl
[2026-02-12T18:35:05.210Z] Resolved absoluteFilePath: W:\3D Files Cabinet - Copy\HouseHold Prints\Bedroom\Wallet Keys Wall Mount\Wallet__Keys___Glasses_Wall_Holder_5597814\files\wallet_keys_glasses_holder__25mm-stl-munchie.json
[2026-02-12T18:35:05.214Z] SUCCESS: File found at W:\3D Files Cabinet - Copy\HouseHold Prints\Bedroom\Wallet Keys Wall Mount\Wallet__Keys___Glasses_Wall_Holder_5597814\files\wallet_keys_glasses_holder__25mm-stl-munchie.json
[2026-02-12T18:35:05.216Z] [Tags Debug] Current tags in file: ["files"]
[2026-02-12T18:35:05.217Z] [Tags Debug] Incoming changes: []
[2026-02-12T18:35:05.217Z] [Tags Debug] Resulting tags to save: []
[2026-02-12T18:35:05.237Z] saveModel called for ID: W--3D-Files-Cabinet---Copy-HouseHold-Prints-Bedroom-Wallet-Keys-Wall-Mount-Wallet__Keys___Glasses_Wall_Holder_5597814-files-wallet_keys_glasses_holder__38mm-8974aa01, filePath: HouseHold Prints/Bedroom/Wallet Keys Wall Mount/Wallet__Keys___Glasses_Wall_Holder_5597814/files/wallet_keys_glasses_holder__38mm.stl
[2026-02-12T18:35:05.238Z] Initial absoluteFilePath: W:\3D Files Cabinet - Copy\HouseHold Prints\Bedroom\Wallet Keys Wall Mount\Wallet__Keys___Glasses_Wall_Holder_5597814\files\wallet_keys_glasses_holder__38mm.stl
[2026-02-12T18:35:05.238Z] Resolved absoluteFilePath: W:\3D Files Cabinet - Copy\HouseHold Prints\Bedroom\Wallet Keys Wall Mount\Wallet__Keys___Glasses_Wall_Holder_5597814\files\wallet_keys_glasses_holder__38mm-stl-munchie.json
[2026-02-12T18:35:05.239Z] SUCCESS: File found at W:\3D Files Cabinet - Copy\HouseHold Prints\Bedroom\Wallet Keys Wall Mount\Wallet__Keys___Glasses_Wall_Holder_5597814\files\wallet_keys_glasses_holder__38mm-stl-munchie.json
[2026-02-12T18:35:05.239Z] [Tags Debug] Current tags in file: ["files"]
[2026-02-12T18:35:05.240Z] [Tags Debug] Incoming changes: []
[2026-02-12T18:35:05.240Z] [Tags Debug] Resulting tags to save: []
[2026-02-12T18:35:05.256Z] saveModel called for ID: W--3D-Files-Cabinet---Copy-HouseHold-Prints-Bedroom-Wallet-Keys-Wall-Mount-Wallet__Keys___Glasses_Wall_Holder_5597814-files-wallet_keys_glasses_holder__50mm-5dbd56dc, filePath: HouseHold Prints/Bedroom/Wallet Keys Wall Mount/Wallet__Keys___Glasses_Wall_Holder_5597814/files/wallet_keys_glasses_holder__50mm.stl
[2026-02-12T18:35:05.256Z] Initial absoluteFilePath: W:\3D Files Cabinet - Copy\HouseHold Prints\Bedroom\Wallet Keys Wall Mount\Wallet__Keys___Glasses_Wall_Holder_5597814\files\wallet_keys_glasses_holder__50mm.stl
[2026-02-12T18:35:05.257Z] Resolved absoluteFilePath: W:\3D Files Cabinet - Copy\HouseHold Prints\Bedroom\Wallet Keys Wall Mount\Wallet__Keys___Glasses_Wall_Holder_5597814\files\wallet_keys_glasses_holder__50mm-stl-munchie.json
[2026-02-12T18:35:05.258Z] SUCCESS: File found at W:\3D Files Cabinet - Copy\HouseHold Prints\Bedroom\Wallet Keys Wall Mount\Wallet__Keys___Glasses_Wall_Holder_5597814\files\wallet_keys_glasses_holder__50mm-stl-munchie.json
[2026-02-12T18:35:05.258Z] [Tags Debug] Current tags in file: ["files"]
[2026-02-12T18:35:05.259Z] [Tags Debug] Incoming changes: []
[2026-02-12T18:35:05.259Z] [Tags Debug] Resulting tags to save: []
[2026-02-12T18:35:05.274Z] saveModel called for ID: W--3D-Files-Cabinet---Copy-HouseHold-Prints-Bedroom-Wall_Support_For_Outlet_Line_5848751-files-support_bottom-5528b013, filePath: HouseHold Prints/Bedroom/Wall_Support_For_Outlet_Line_5848751/files/support_bottom.stl
[2026-02-12T18:35:05.275Z] Initial absoluteFilePath: W:\3D Files Cabinet - Copy\HouseHold Prints\Bedroom\Wall_Support_For_Outlet_Line_5848751\files\support_bottom.stl
[2026-02-12T18:35:05.275Z] Resolved absoluteFilePath: W:\3D Files Cabinet - Copy\HouseHold Prints\Bedroom\Wall_Support_For_Outlet_Line_5848751\files\support_bottom-stl-munchie.json
[2026-02-12T18:35:05.279Z] SUCCESS: File found at W:\3D Files Cabinet - Copy\HouseHold Prints\Bedroom\Wall_Support_For_Outlet_Line_5848751\files\support_bottom-stl-munchie.json
[2026-02-12T18:35:05.281Z] [Tags Debug] Current tags in file: ["files"]
[2026-02-12T18:35:05.281Z] [Tags Debug] Incoming changes: []
[2026-02-12T18:35:05.281Z] [Tags Debug] Resulting tags to save: []
[2026-02-12T18:35:05.300Z] saveModel called for ID: W--3D-Files-Cabinet---Copy-HouseHold-Prints-Bedroom-Wall_Support_For_Outlet_Line_5848751-files-support_top-42c8f4c6, filePath: HouseHold Prints/Bedroom/Wall_Support_For_Outlet_Line_5848751/files/support_top.stl
[2026-02-12T18:35:05.300Z] Initial absoluteFilePath: W:\3D Files Cabinet - Copy\HouseHold Prints\Bedroom\Wall_Support_For_Outlet_Line_5848751\files\support_top.stl
[2026-02-12T18:35:05.301Z] Resolved absoluteFilePath: W:\3D Files Cabinet - Copy\HouseHold Prints\Bedroom\Wall_Support_For_Outlet_Line_5848751\files\support_top-stl-munchie.json
[2026-02-12T18:35:05.301Z] SUCCESS: File found at W:\3D Files Cabinet - Copy\HouseHold Prints\Bedroom\Wall_Support_For_Outlet_Line_5848751\files\support_top-stl-munchie.json
[2026-02-12T18:35:05.302Z] [Tags Debug] Current tags in file: ["files"]
[2026-02-12T18:35:05.302Z] [Tags Debug] Incoming changes: []
[2026-02-12T18:35:05.303Z] [Tags Debug] Resulting tags to save: []
[2026-02-12T18:35:05.318Z] saveModel called for ID: W--3D-Files-Cabinet---Copy-HouseHold-Prints-Console-Stuff-VR-Vive-DAS-Adapter-for-Oculus-Quest-2--Improved----FrankenQuest-files-Vive_DAS_Adapter_for_Oculus_Quest_2_-_Curved_Closed_Left-7b434657, filePath: HouseHold Prints/Console Stuff/VR/Vive+DAS+Adapter+for+Oculus+Quest+2+(Improved)+-+FrankenQuest/files/Vive_DAS_Adapter_for_Oculus_Quest_2_-_Curved_Closed_Left.stl
[2026-02-12T18:35:05.318Z] Initial absoluteFilePath: W:\3D Files Cabinet - Copy\HouseHold Prints\Console Stuff\VR\Vive+DAS+Adapter+for+Oculus+Quest+2+(Improved)+-+FrankenQuest\files\Vive_DAS_Adapter_for_Oculus_Quest_2_-_Curved_Closed_Left.stl
[2026-02-12T18:35:05.319Z] Resolved absoluteFilePath: W:\3D Files Cabinet - Copy\HouseHold Prints\Console Stuff\VR\Vive+DAS+Adapter+for+Oculus+Quest+2+(Improved)+-+FrankenQuest\files\Vive_DAS_Adapter_for_Oculus_Quest_2_-_Curved_Closed_Left-stl-munchie.json
[2026-02-12T18:35:05.323Z] SUCCESS: File found at W:\3D Files Cabinet - Copy\HouseHold Prints\Console Stuff\VR\Vive+DAS+Adapter+for+Oculus+Quest+2+(Improved)+-+FrankenQuest\files\Vive_DAS_Adapter_for_Oculus_Quest_2_-_Curved_Closed_Left-stl-munchie.json
[2026-02-12T18:35:05.325Z] [Tags Debug] Current tags in file: ["files"]
[2026-02-12T18:35:05.325Z] [Tags Debug] Incoming changes: []
[2026-02-12T18:35:05.326Z] [Tags Debug] Resulting tags to save: []
[2026-02-12T18:35:05.355Z] saveModel called for ID: W--3D-Files-Cabinet---Copy-HouseHold-Prints-Console-Stuff-VR-Vive-DAS-Adapter-for-Oculus-Quest-2--Improved----FrankenQuest-files-Vive_DAS_Adapter_for_Oculus_Quest_2_-_Curved_Closed_Right-c2d593a7, filePath: HouseHold Prints/Console Stuff/VR/Vive+DAS+Adapter+for+Oculus+Quest+2+(Improved)+-+FrankenQuest/files/Vive_DAS_Adapter_for_Oculus_Quest_2_-_Curved_Closed_Right.stl
[2026-02-12T18:35:05.356Z] Initial absoluteFilePath: W:\3D Files Cabinet - Copy\HouseHold Prints\Console Stuff\VR\Vive+DAS+Adapter+for+Oculus+Quest+2+(Improved)+-+FrankenQuest\files\Vive_DAS_Adapter_for_Oculus_Quest_2_-_Curved_Closed_Right.stl
[2026-02-12T18:35:05.356Z] Resolved absoluteFilePath: W:\3D Files Cabinet - Copy\HouseHold Prints\Console Stuff\VR\Vive+DAS+Adapter+for+Oculus+Quest+2+(Improved)+-+FrankenQuest\files\Vive_DAS_Adapter_for_Oculus_Quest_2_-_Curved_Closed_Right-stl-munchie.json
[2026-02-12T18:35:05.357Z] SUCCESS: File found at W:\3D Files Cabinet - Copy\HouseHold Prints\Console Stuff\VR\Vive+DAS+Adapter+for+Oculus+Quest+2+(Improved)+-+FrankenQuest\files\Vive_DAS_Adapter_for_Oculus_Quest_2_-_Curved_Closed_Right-stl-munchie.json
[2026-02-12T18:35:05.357Z] [Tags Debug] Current tags in file: ["files"]
[2026-02-12T18:35:05.358Z] [Tags Debug] Incoming changes: []
[2026-02-12T18:35:05.358Z] [Tags Debug] Resulting tags to save: []
[2026-02-12T18:35:05.376Z] saveModel called for ID: W--3D-Files-Cabinet---Copy-HouseHold-Prints-Console-Stuff-VR-Vive-DAS-Adapter-for-Oculus-Quest-2--Improved----FrankenQuest-files-Vive_DAS_Adapter_for_Oculus_Quest_2_-_Curved_Open_Left-a2577604, filePath: HouseHold Prints/Console Stuff/VR/Vive+DAS+Adapter+for+Oculus+Quest+2+(Improved)+-+FrankenQuest/files/Vive_DAS_Adapter_for_Oculus_Quest_2_-_Curved_Open_Left.stl
[2026-02-12T18:35:05.377Z] Initial absoluteFilePath: W:\3D Files Cabinet - Copy\HouseHold Prints\Console Stuff\VR\Vive+DAS+Adapter+for+Oculus+Quest+2+(Improved)+-+FrankenQuest\files\Vive_DAS_Adapter_for_Oculus_Quest_2_-_Curved_Open_Left.stl
[2026-02-12T18:35:05.377Z] Resolved absoluteFilePath: W:\3D Files Cabinet - Copy\HouseHold Prints\Console Stuff\VR\Vive+DAS+Adapter+for+Oculus+Quest+2+(Improved)+-+FrankenQuest\files\Vive_DAS_Adapter_for_Oculus_Quest_2_-_Curved_Open_Left-stl-munchie.json
[2026-02-12T18:35:05.378Z] SUCCESS: File found at W:\3D Files Cabinet - Copy\HouseHold Prints\Console Stuff\VR\Vive+DAS+Adapter+for+Oculus+Quest+2+(Improved)+-+FrankenQuest\files\Vive_DAS_Adapter_for_Oculus_Quest_2_-_Curved_Open_Left-stl-munchie.json
[2026-02-12T18:35:05.378Z] [Tags Debug] Current tags in file: ["files"]
[2026-02-12T18:35:05.379Z] [Tags Debug] Incoming changes: []
[2026-02-12T18:35:05.379Z] [Tags Debug] Resulting tags to save: []
[2026-02-12T18:35:05.396Z] saveModel called for ID: W--3D-Files-Cabinet---Copy-HouseHold-Prints-Console-Stuff-VR-Vive-DAS-Adapter-for-Oculus-Quest-2--Improved----FrankenQuest-files-Vive_DAS_Adapter_for_Oculus_Quest_2_-_Curved_Open_Right-144bfc18, filePath: HouseHold Prints/Console Stuff/VR/Vive+DAS+Adapter+for+Oculus+Quest+2+(Improved)+-+FrankenQuest/files/Vive_DAS_Adapter_for_Oculus_Quest_2_-_Curved_Open_Right.stl
[2026-02-12T18:35:05.396Z] Initial absoluteFilePath: W:\3D Files Cabinet - Copy\HouseHold Prints\Console Stuff\VR\Vive+DAS+Adapter+for+Oculus+Quest+2+(Improved)+-+FrankenQuest\files\Vive_DAS_Adapter_for_Oculus_Quest_2_-_Curved_Open_Right.stl
[2026-02-12T18:35:05.397Z] Resolved absoluteFilePath: W:\3D Files Cabinet - Copy\HouseHold Prints\Console Stuff\VR\Vive+DAS+Adapter+for+Oculus+Quest+2+(Improved)+-+FrankenQuest\files\Vive_DAS_Adapter_for_Oculus_Quest_2_-_Curved_Open_Right-stl-munchie.json
[2026-02-12T18:35:05.397Z] SUCCESS: File found at W:\3D Files Cabinet - Copy\HouseHold Prints\Console Stuff\VR\Vive+DAS+Adapter+for+Oculus+Quest+2+(Improved)+-+FrankenQuest\files\Vive_DAS_Adapter_for_Oculus_Quest_2_-_Curved_Open_Right-stl-munchie.json
[2026-02-12T18:35:05.398Z] [Tags Debug] Current tags in file: ["files"]
[2026-02-12T18:35:05.398Z] [Tags Debug] Incoming changes: []
[2026-02-12T18:35:05.398Z] [Tags Debug] Resulting tags to save: []
[2026-02-12T18:35:05.416Z] saveModel called for ID: W--3D-Files-Cabinet---Copy-HouseHold-Prints-Console-Stuff-VR-Vive-DAS-Adapter-for-Oculus-Quest-2--Improved----FrankenQuest-files-Vive_DAS_Adapter_for_Oculus_Quest_2_-_Flat_Closed_Left-238d1d6b, filePath: HouseHold Prints/Console Stuff/VR/Vive+DAS+Adapter+for+Oculus+Quest+2+(Improved)+-+FrankenQuest/files/Vive_DAS_Adapter_for_Oculus_Quest_2_-_Flat_Closed_Left.stl
[2026-02-12T18:35:05.416Z] Initial absoluteFilePath: W:\3D Files Cabinet - Copy\HouseHold Prints\Console Stuff\VR\Vive+DAS+Adapter+for+Oculus+Quest+2+(Improved)+-+FrankenQuest\files\Vive_DAS_Adapter_for_Oculus_Quest_2_-_Flat_Closed_Left.stl
[2026-02-12T18:35:05.417Z] Resolved absoluteFilePath: W:\3D Files Cabinet - Copy\HouseHold Prints\Console Stuff\VR\Vive+DAS+Adapter+for+Oculus+Quest+2+(Improved)+-+FrankenQuest\files\Vive_DAS_Adapter_for_Oculus_Quest_2_-_Flat_Closed_Left-stl-munchie.json
[2026-02-12T18:35:05.417Z] SUCCESS: File found at W:\3D Files Cabinet - Copy\HouseHold Prints\Console Stuff\VR\Vive+DAS+Adapter+for+Oculus+Quest+2+(Improved)+-+FrankenQuest\files\Vive_DAS_Adapter_for_Oculus_Quest_2_-_Flat_Closed_Left-stl-munchie.json
[2026-02-12T18:35:05.418Z] [Tags Debug] Current tags in file: ["files"]
[2026-02-12T18:35:05.418Z] [Tags Debug] Incoming changes: []
[2026-02-12T18:35:05.419Z] [Tags Debug] Resulting tags to save: []
[2026-02-12T18:35:05.435Z] saveModel called for ID: W--3D-Files-Cabinet---Copy-HouseHold-Prints-Console-Stuff-VR-Vive-DAS-Adapter-for-Oculus-Quest-2--Improved----FrankenQuest-files-Vive_DAS_Adapter_for_Oculus_Quest_2_-_Flat_Closed_Right-91ce85dd, filePath: HouseHold Prints/Console Stuff/VR/Vive+DAS+Adapter+for+Oculus+Quest+2+(Improved)+-+FrankenQuest/files/Vive_DAS_Adapter_for_Oculus_Quest_2_-_Flat_Closed_Right.stl
[2026-02-12T18:35:05.436Z] Initial absoluteFilePath: W:\3D Files Cabinet - Copy\HouseHold Prints\Console Stuff\VR\Vive+DAS+Adapter+for+Oculus+Quest+2+(Improved)+-+FrankenQuest\files\Vive_DAS_Adapter_for_Oculus_Quest_2_-_Flat_Closed_Right.stl
[2026-02-12T18:35:05.436Z] Resolved absoluteFilePath: W:\3D Files Cabinet - Copy\HouseHold Prints\Console Stuff\VR\Vive+DAS+Adapter+for+Oculus+Quest+2+(Improved)+-+FrankenQuest\files\Vive_DAS_Adapter_for_Oculus_Quest_2_-_Flat_Closed_Right-stl-munchie.json
[2026-02-12T18:35:05.437Z] SUCCESS: File found at W:\3D Files Cabinet - Copy\HouseHold Prints\Console Stuff\VR\Vive+DAS+Adapter+for+Oculus+Quest+2+(Improved)+-+FrankenQuest\files\Vive_DAS_Adapter_for_Oculus_Quest_2_-_Flat_Closed_Right-stl-munchie.json
[2026-02-12T18:35:05.437Z] [Tags Debug] Current tags in file: ["files"]
[2026-02-12T18:35:05.437Z] [Tags Debug] Incoming changes: []
[2026-02-12T18:35:05.438Z] [Tags Debug] Resulting tags to save: []
[2026-02-12T18:35:05.455Z] saveModel called for ID: W--3D-Files-Cabinet---Copy-HouseHold-Prints-Console-Stuff-VR-Vive-DAS-Adapter-for-Oculus-Quest-2--Improved----FrankenQuest-files-Vive_DAS_Adapter_for_Oculus_Quest_2_-_Flat_Open_Left-087a4585, filePath: HouseHold Prints/Console Stuff/VR/Vive+DAS+Adapter+for+Oculus+Quest+2+(Improved)+-+FrankenQuest/files/Vive_DAS_Adapter_for_Oculus_Quest_2_-_Flat_Open_Left.stl
[2026-02-12T18:35:05.456Z] Initial absoluteFilePath: W:\3D Files Cabinet - Copy\HouseHold Prints\Console Stuff\VR\Vive+DAS+Adapter+for+Oculus+Quest+2+(Improved)+-+FrankenQuest\files\Vive_DAS_Adapter_for_Oculus_Quest_2_-_Flat_Open_Left.stl
[2026-02-12T18:35:05.456Z] Resolved absoluteFilePath: W:\3D Files Cabinet - Copy\HouseHold Prints\Console Stuff\VR\Vive+DAS+Adapter+for+Oculus+Quest+2+(Improved)+-+FrankenQuest\files\Vive_DAS_Adapter_for_Oculus_Quest_2_-_Flat_Open_Left-stl-munchie.json
[2026-02-12T18:35:05.457Z] SUCCESS: File found at W:\3D Files Cabinet - Copy\HouseHold Prints\Console Stuff\VR\Vive+DAS+Adapter+for+Oculus+Quest+2+(Improved)+-+FrankenQuest\files\Vive_DAS_Adapter_for_Oculus_Quest_2_-_Flat_Open_Left-stl-munchie.json
[2026-02-12T18:35:05.457Z] [Tags Debug] Current tags in file: ["files"]
[2026-02-12T18:35:05.458Z] [Tags Debug] Incoming changes: []
[2026-02-12T18:35:05.458Z] [Tags Debug] Resulting tags to save: []
[2026-02-12T18:35:05.474Z] saveModel called for ID: W--3D-Files-Cabinet---Copy-HouseHold-Prints-Console-Stuff-VR-Vive-DAS-Adapter-for-Oculus-Quest-2--Improved----FrankenQuest-files-Vive_DAS_Adapter_for_Oculus_Quest_2_-_Flat_Open_Right-211a5700, filePath: HouseHold Prints/Console Stuff/VR/Vive+DAS+Adapter+for+Oculus+Quest+2+(Improved)+-+FrankenQuest/files/Vive_DAS_Adapter_for_Oculus_Quest_2_-_Flat_Open_Right.stl
[2026-02-12T18:35:05.475Z] Initial absoluteFilePath: W:\3D Files Cabinet - Copy\HouseHold Prints\Console Stuff\VR\Vive+DAS+Adapter+for+Oculus+Quest+2+(Improved)+-+FrankenQuest\files\Vive_DAS_Adapter_for_Oculus_Quest_2_-_Flat_Open_Right.stl
[2026-02-12T18:35:05.476Z] Resolved absoluteFilePath: W:\3D Files Cabinet - Copy\HouseHold Prints\Console Stuff\VR\Vive+DAS+Adapter+for+Oculus+Quest+2+(Improved)+-+FrankenQuest\files\Vive_DAS_Adapter_for_Oculus_Quest_2_-_Flat_Open_Right-stl-munchie.json
[2026-02-12T18:35:05.476Z] SUCCESS: File found at W:\3D Files Cabinet - Copy\HouseHold Prints\Console Stuff\VR\Vive+DAS+Adapter+for+Oculus+Quest+2+(Improved)+-+FrankenQuest\files\Vive_DAS_Adapter_for_Oculus_Quest_2_-_Flat_Open_Right-stl-munchie.json
[2026-02-12T18:35:05.477Z] [Tags Debug] Current tags in file: ["files"]
[2026-02-12T18:35:05.477Z] [Tags Debug] Incoming changes: []
[2026-02-12T18:35:05.478Z] [Tags Debug] Resulting tags to save: []
[2026-02-12T18:35:05.495Z] saveModel called for ID: W--3D-Files-Cabinet---Copy-HouseHold-Prints-Console-Stuff-VR-Vive-DAS-Adapter-for-Oculus-Quest-2--Improved----FrankenQuest-files-Vive_DAS_Adapter_for_Oculus_Quest_2_-_Top_Strap_Clip-e3d1b564, filePath: HouseHold Prints/Console Stuff/VR/Vive+DAS+Adapter+for+Oculus+Quest+2+(Improved)+-+FrankenQuest/files/Vive_DAS_Adapter_for_Oculus_Quest_2_-_Top_Strap_Clip.stl
[2026-02-12T18:35:05.495Z] Initial absoluteFilePath: W:\3D Files Cabinet - Copy\HouseHold Prints\Console Stuff\VR\Vive+DAS+Adapter+for+Oculus+Quest+2+(Improved)+-+FrankenQuest\files\Vive_DAS_Adapter_for_Oculus_Quest_2_-_Top_Strap_Clip.stl
[2026-02-12T18:35:05.496Z] Resolved absoluteFilePath: W:\3D Files Cabinet - Copy\HouseHold Prints\Console Stuff\VR\Vive+DAS+Adapter+for+Oculus+Quest+2+(Improved)+-+FrankenQuest\files\Vive_DAS_Adapter_for_Oculus_Quest_2_-_Top_Strap_Clip-stl-munchie.json
[2026-02-12T18:35:05.496Z] SUCCESS: File found at W:\3D Files Cabinet - Copy\HouseHold Prints\Console Stuff\VR\Vive+DAS+Adapter+for+Oculus+Quest+2+(Improved)+-+FrankenQuest\files\Vive_DAS_Adapter_for_Oculus_Quest_2_-_Top_Strap_Clip-stl-munchie.json
[2026-02-12T18:35:05.497Z] [Tags Debug] Current tags in file: ["files"]
[2026-02-12T18:35:05.497Z] [Tags Debug] Incoming changes: []
[2026-02-12T18:35:05.497Z] [Tags Debug] Resulting tags to save: []
[2026-02-12T18:35:05.514Z] saveModel called for ID: W--3D-Files-Cabinet---Copy-Shop-Milwaukee-Organization-M18-FUEL-circular-saw-mount-files-circular_saw-88113eb5, filePath: Shop/Milwaukee Organization/M18 FUEL circular saw mount/files/circular_saw.stl
[2026-02-12T18:35:05.514Z] Initial absoluteFilePath: W:\3D Files Cabinet - Copy\Shop\Milwaukee Organization\M18 FUEL circular saw mount\files\circular_saw.stl
[2026-02-12T18:35:05.515Z] Resolved absoluteFilePath: W:\3D Files Cabinet - Copy\Shop\Milwaukee Organization\M18 FUEL circular saw mount\files\circular_saw-stl-munchie.json
[2026-02-12T18:35:05.517Z] SUCCESS: File found at W:\3D Files Cabinet - Copy\Shop\Milwaukee Organization\M18 FUEL circular saw mount\files\circular_saw-stl-munchie.json
[2026-02-12T18:35:05.519Z] [Tags Debug] Current tags in file: ["files"]
[2026-02-12T18:35:05.519Z] [Tags Debug] Incoming changes: []
[2026-02-12T18:35:05.520Z] [Tags Debug] Resulting tags to save: []
[2026-02-12T18:35:05.536Z] saveModel called for ID: W--3D-Files-Cabinet---Copy-Shop-Milwaukee-Organization-M18-Grinder-upright-mount-files-m18_Grinder_upright-3449c2f5, filePath: Shop/Milwaukee Organization/M18 Grinder upright mount/files/m18_Grinder_upright.3mf
[2026-02-12T18:35:05.537Z] Initial absoluteFilePath: W:\3D Files Cabinet - Copy\Shop\Milwaukee Organization\M18 Grinder upright mount\files\m18_Grinder_upright.3mf
[2026-02-12T18:35:05.537Z] Resolved absoluteFilePath: W:\3D Files Cabinet - Copy\Shop\Milwaukee Organization\M18 Grinder upright mount\files\m18_Grinder_upright-munchie.json
[2026-02-12T18:35:05.541Z] SUCCESS: File found at W:\3D Files Cabinet - Copy\Shop\Milwaukee Organization\M18 Grinder upright mount\files\m18_Grinder_upright-munchie.json
[2026-02-12T18:35:05.543Z] [Tags Debug] Current tags in file: ["files"]
[2026-02-12T18:35:05.543Z] [Tags Debug] Incoming changes: []
[2026-02-12T18:35:05.544Z] [Tags Debug] Resulting tags to save: []
[2026-02-12T18:35:05.562Z] saveModel called for ID: W--3D-Files-Cabinet---Copy-Shop-Milwaukee-Organization-M18-Grinder-upright-mount-files-m18_Grinder_upright-b1308f7c, filePath: Shop/Milwaukee Organization/M18 Grinder upright mount/files/m18_Grinder_upright.stl
[2026-02-12T18:35:05.563Z] Initial absoluteFilePath: W:\3D Files Cabinet - Copy\Shop\Milwaukee Organization\M18 Grinder upright mount\files\m18_Grinder_upright.stl
[2026-02-12T18:35:05.563Z] Resolved absoluteFilePath: W:\3D Files Cabinet - Copy\Shop\Milwaukee Organization\M18 Grinder upright mount\files\m18_Grinder_upright-stl-munchie.json
[2026-02-12T18:35:05.564Z] SUCCESS: File found at W:\3D Files Cabinet - Copy\Shop\Milwaukee Organization\M18 Grinder upright mount\files\m18_Grinder_upright-stl-munchie.json
[2026-02-12T18:35:05.565Z] [Tags Debug] Current tags in file: ["files"]
[2026-02-12T18:35:05.565Z] [Tags Debug] Incoming changes: []
[2026-02-12T18:35:05.565Z] [Tags Debug] Resulting tags to save: []
[2026-02-12T18:35:05.580Z] saveModel called for ID: W--3D-Files-Cabinet---Copy-Shop-Milwaukee-Organization-M18-Sawzall-mount-files-sawzall_base-f86d8e4b, filePath: Shop/Milwaukee Organization/M18 Sawzall mount/files/sawzall_base.stl
[2026-02-12T18:35:05.581Z] Initial absoluteFilePath: W:\3D Files Cabinet - Copy\Shop\Milwaukee Organization\M18 Sawzall mount\files\sawzall_base.stl
[2026-02-12T18:35:05.581Z] Resolved absoluteFilePath: W:\3D Files Cabinet - Copy\Shop\Milwaukee Organization\M18 Sawzall mount\files\sawzall_base-stl-munchie.json
[2026-02-12T18:35:05.584Z] SUCCESS: File found at W:\3D Files Cabinet - Copy\Shop\Milwaukee Organization\M18 Sawzall mount\files\sawzall_base-stl-munchie.json
[2026-02-12T18:35:05.586Z] [Tags Debug] Current tags in file: ["files"]
[2026-02-12T18:35:05.587Z] [Tags Debug] Incoming changes: []
[2026-02-12T18:35:05.587Z] [Tags Debug] Resulting tags to save: []
[2026-02-12T18:35:05.605Z] saveModel called for ID: W--3D-Files-Cabinet---Copy-Shop-Milwaukee-Organization-M18-Sawzall-mount-files-sawzall_handle-625575a3, filePath: Shop/Milwaukee Organization/M18 Sawzall mount/files/sawzall_handle.stl
[2026-02-12T18:35:05.606Z] Initial absoluteFilePath: W:\3D Files Cabinet - Copy\Shop\Milwaukee Organization\M18 Sawzall mount\files\sawzall_handle.stl
[2026-02-12T18:35:05.606Z] Resolved absoluteFilePath: W:\3D Files Cabinet - Copy\Shop\Milwaukee Organization\M18 Sawzall mount\files\sawzall_handle-stl-munchie.json
[2026-02-12T18:35:05.607Z] SUCCESS: File found at W:\3D Files Cabinet - Copy\Shop\Milwaukee Organization\M18 Sawzall mount\files\sawzall_handle-stl-munchie.json
[2026-02-12T18:35:05.607Z] [Tags Debug] Current tags in file: ["files"]
[2026-02-12T18:35:05.608Z] [Tags Debug] Incoming changes: []
[2026-02-12T18:35:05.608Z] [Tags Debug] Resulting tags to save: []
[2026-02-12T18:35:05.624Z] saveModel called for ID: W--3D-Files-Cabinet---Copy-Shop-Milwaukee-Organization-Tool-Mount-Wall-Close-To-Wall-files-M18_tool_wall_mount-eae0bcb2, filePath: Shop/Milwaukee Organization/Tool Mount Wall Close To Wall/files/M18_tool_wall_mount.stl
[2026-02-12T18:35:05.624Z] Initial absoluteFilePath: W:\3D Files Cabinet - Copy\Shop\Milwaukee Organization\Tool Mount Wall Close To Wall\files\M18_tool_wall_mount.stl
[2026-02-12T18:35:05.625Z] Resolved absoluteFilePath: W:\3D Files Cabinet - Copy\Shop\Milwaukee Organization\Tool Mount Wall Close To Wall\files\M18_tool_wall_mount-stl-munchie.json
[2026-02-12T18:35:05.628Z] SUCCESS: File found at W:\3D Files Cabinet - Copy\Shop\Milwaukee Organization\Tool Mount Wall Close To Wall\files\M18_tool_wall_mount-stl-munchie.json
[2026-02-12T18:35:05.631Z] [Tags Debug] Current tags in file: ["files"]
[2026-02-12T18:35:05.631Z] [Tags Debug] Incoming changes: []
[2026-02-12T18:35:05.631Z] [Tags Debug] Resulting tags to save: []
[2026-02-12T18:35:05.649Z] saveModel called for ID: W--3D-Files-Cabinet---Copy-Shop-Ryobi-Ryobi-One--18v-cordless-trim-router-wall-mount---spanner-holder---4611745-files-Router_with_spanner_holder-112b1bf9, filePath: Shop/Ryobi/Ryobi One+ 18v cordless trim router wall mount + spanner holder - 4611745/files/Router_with_spanner_holder.stl
[2026-02-12T18:35:05.649Z] Initial absoluteFilePath: W:\3D Files Cabinet - Copy\Shop\Ryobi\Ryobi One+ 18v cordless trim router wall mount + spanner holder - 4611745\files\Router_with_spanner_holder.stl
[2026-02-12T18:35:05.650Z] Resolved absoluteFilePath: W:\3D Files Cabinet - Copy\Shop\Ryobi\Ryobi One+ 18v cordless trim router wall mount + spanner holder - 4611745\files\Router_with_spanner_holder-stl-munchie.json
[2026-02-12T18:35:05.653Z] SUCCESS: File found at W:\3D Files Cabinet - Copy\Shop\Ryobi\Ryobi One+ 18v cordless trim router wall mount + spanner holder - 4611745\files\Router_with_spanner_holder-stl-munchie.json
[2026-02-12T18:35:05.656Z] [Tags Debug] Current tags in file: ["files"]
[2026-02-12T18:35:05.656Z] [Tags Debug] Incoming changes: []
[2026-02-12T18:35:05.657Z] [Tags Debug] Resulting tags to save: []
[2026-02-12T18:35:05.675Z] saveModel called for ID: W--3D-Files-Cabinet---Copy-Shop-Ryobi-Ryobi-Orbital-Sander-R18ROS-hook-holder-Ryobi-Orbital-Sander-R18ROS-hook-holder---4761898-files-Ryobi_Sander_R18ROS-aa55e744, filePath: Shop/Ryobi/Ryobi Orbital Sander R18ROS hook holder/Ryobi Orbital Sander R18ROS hook holder - 4761898/files/Ryobi_Sander_R18ROS.stl
[2026-02-12T18:35:05.676Z] Initial absoluteFilePath: W:\3D Files Cabinet - Copy\Shop\Ryobi\Ryobi Orbital Sander R18ROS hook holder\Ryobi Orbital Sander R18ROS hook holder - 4761898\files\Ryobi_Sander_R18ROS.stl
[2026-02-12T18:35:05.677Z] Resolved absoluteFilePath: W:\3D Files Cabinet - Copy\Shop\Ryobi\Ryobi Orbital Sander R18ROS hook holder\Ryobi Orbital Sander R18ROS hook holder - 4761898\files\Ryobi_Sander_R18ROS-stl-munchie.json
[2026-02-12T18:35:05.680Z] SUCCESS: File found at W:\3D Files Cabinet - Copy\Shop\Ryobi\Ryobi Orbital Sander R18ROS hook holder\Ryobi Orbital Sander R18ROS hook holder - 4761898\files\Ryobi_Sander_R18ROS-stl-munchie.json
[2026-02-12T18:35:05.682Z] [Tags Debug] Current tags in file: ["files"]
[2026-02-12T18:35:05.683Z] [Tags Debug] Incoming changes: []
[2026-02-12T18:35:05.683Z] [Tags Debug] Resulting tags to save: []
[2026-02-12T18:35:05.700Z] saveModel called for ID: W--3D-Files-Cabinet---Copy-Shop-Ryobi-Ryobi-Reciprocating-Saw-Wall-Hanger---3756249-files-Recip_Saw_Bracket_v2-09cb7500, filePath: Shop/Ryobi/Ryobi Reciprocating Saw Wall Hanger - 3756249/files/Recip_Saw_Bracket_v2.stl
[2026-02-12T18:35:05.701Z] Initial absoluteFilePath: W:\3D Files Cabinet - Copy\Shop\Ryobi\Ryobi Reciprocating Saw Wall Hanger - 3756249\files\Recip_Saw_Bracket_v2.stl
[2026-02-12T18:35:05.701Z] Resolved absoluteFilePath: W:\3D Files Cabinet - Copy\Shop\Ryobi\Ryobi Reciprocating Saw Wall Hanger - 3756249\files\Recip_Saw_Bracket_v2-stl-munchie.json
[2026-02-12T18:35:05.705Z] SUCCESS: File found at W:\3D Files Cabinet - Copy\Shop\Ryobi\Ryobi Reciprocating Saw Wall Hanger - 3756249\files\Recip_Saw_Bracket_v2-stl-munchie.json
[2026-02-12T18:35:05.706Z] [Tags Debug] Current tags in file: ["files"]
[2026-02-12T18:35:05.707Z] [Tags Debug] Incoming changes: []
[2026-02-12T18:35:05.707Z] [Tags Debug] Resulting tags to save: []
[2026-02-12T18:35:05.724Z] saveModel called for ID: W--3D-Files-Cabinet---Copy-Shop-Tool-Organization-Calliper-Wall-Support--NEW-Version-with-batteries-slots----3085101-files-Caliper_Wall_Suport_With_Battery_Holders-bba04a7e, filePath: Shop/Tool Organization/Calliper Wall Support (NEW Version with batteries slots) - 3085101/files/Caliper_Wall_Suport_With_Battery_Holders.stl
[2026-02-12T18:35:05.725Z] Initial absoluteFilePath: W:\3D Files Cabinet - Copy\Shop\Tool Organization\Calliper Wall Support (NEW Version with batteries slots) - 3085101\files\Caliper_Wall_Suport_With_Battery_Holders.stl
[2026-02-12T18:35:05.725Z] Resolved absoluteFilePath: W:\3D Files Cabinet - Copy\Shop\Tool Organization\Calliper Wall Support (NEW Version with batteries slots) - 3085101\files\Caliper_Wall_Suport_With_Battery_Holders-stl-munchie.json
[2026-02-12T18:35:05.729Z] SUCCESS: File found at W:\3D Files Cabinet - Copy\Shop\Tool Organization\Calliper Wall Support (NEW Version with batteries slots) - 3085101\files\Caliper_Wall_Suport_With_Battery_Holders-stl-munchie.json
[2026-02-12T18:35:05.732Z] [Tags Debug] Current tags in file: ["files"]
[2026-02-12T18:35:05.732Z] [Tags Debug] Incoming changes: []
[2026-02-12T18:35:05.733Z] [Tags Debug] Resulting tags to save: []
[2026-02-12T18:35:05.753Z] saveModel called for ID: W--3D-Files-Cabinet---Copy-Shop-Tool-Organization-Calliper-Wall-Support--NEW-Version-with-batteries-slots----3085101-files-Calliper_Wall_Support-27b0cdda, filePath: Shop/Tool Organization/Calliper Wall Support (NEW Version with batteries slots) - 3085101/files/Calliper_Wall_Support.stl
[2026-02-12T18:35:05.753Z] Initial absoluteFilePath: W:\3D Files Cabinet - Copy\Shop\Tool Organization\Calliper Wall Support (NEW Version with batteries slots) - 3085101\files\Calliper_Wall_Support.stl
[2026-02-12T18:35:05.754Z] Resolved absoluteFilePath: W:\3D Files Cabinet - Copy\Shop\Tool Organization\Calliper Wall Support (NEW Version with batteries slots) - 3085101\files\Calliper_Wall_Support-stl-munchie.json
[2026-02-12T18:35:05.755Z] SUCCESS: File found at W:\3D Files Cabinet - Copy\Shop\Tool Organization\Calliper Wall Support (NEW Version with batteries slots) - 3085101\files\Calliper_Wall_Support-stl-munchie.json
[2026-02-12T18:35:05.755Z] [Tags Debug] Current tags in file: ["files"]
[2026-02-12T18:35:05.755Z] [Tags Debug] Incoming changes: []
[2026-02-12T18:35:05.756Z] [Tags Debug] Resulting tags to save: []
[2026-02-12T18:35:05.772Z] saveModel called for ID: W--3D-Files-Cabinet---Copy-Shop-Tool-Organization-Hose-_-Cord-Hanger---3729724-files-hose_hook-08a91c3f, filePath: Shop/Tool Organization/Hose _ Cord Hanger - 3729724/files/hose_hook.stl
[2026-02-12T18:35:05.772Z] Initial absoluteFilePath: W:\3D Files Cabinet - Copy\Shop\Tool Organization\Hose _ Cord Hanger - 3729724\files\hose_hook.stl
[2026-02-12T18:35:05.773Z] Resolved absoluteFilePath: W:\3D Files Cabinet - Copy\Shop\Tool Organization\Hose _ Cord Hanger - 3729724\files\hose_hook-stl-munchie.json
[2026-02-12T18:35:05.776Z] SUCCESS: File found at W:\3D Files Cabinet - Copy\Shop\Tool Organization\Hose _ Cord Hanger - 3729724\files\hose_hook-stl-munchie.json
[2026-02-12T18:35:05.779Z] [Tags Debug] Current tags in file: ["files"]
[2026-02-12T18:35:05.780Z] [Tags Debug] Incoming changes: []
[2026-02-12T18:35:05.780Z] [Tags Debug] Resulting tags to save: []
[2026-02-12T18:35:05.799Z] saveModel called for ID: W--3D-Files-Cabinet---Copy-Shop-Tool-Organization-T-Shank-Jig-Saw-Blade-Holder-Wall-Control-Pegboard-Mount---4940512-files-Jig_Saw_Blade_Wall_Control_Holder-9d75ad74, filePath: Shop/Tool Organization/T-Shank Jig Saw Blade Holder Wall Control Pegboard Mount - 4940512/files/Jig_Saw_Blade_Wall_Control_Holder.stl
[2026-02-12T18:35:05.799Z] Initial absoluteFilePath: W:\3D Files Cabinet - Copy\Shop\Tool Organization\T-Shank Jig Saw Blade Holder Wall Control Pegboard Mount - 4940512\files\Jig_Saw_Blade_Wall_Control_Holder.stl
[2026-02-12T18:35:05.800Z] Resolved absoluteFilePath: W:\3D Files Cabinet - Copy\Shop\Tool Organization\T-Shank Jig Saw Blade Holder Wall Control Pegboard Mount - 4940512\files\Jig_Saw_Blade_Wall_Control_Holder-stl-munchie.json
[2026-02-12T18:35:05.803Z] SUCCESS: File found at W:\3D Files Cabinet - Copy\Shop\Tool Organization\T-Shank Jig Saw Blade Holder Wall Control Pegboard Mount - 4940512\files\Jig_Saw_Blade_Wall_Control_Holder-stl-munchie.json
[2026-02-12T18:35:05.805Z] [Tags Debug] Current tags in file: ["files"]
[2026-02-12T18:35:05.806Z] [Tags Debug] Incoming changes: []
[2026-02-12T18:35:05.806Z] [Tags Debug] Resulting tags to save: []
[2026-02-12T18:35:05.827Z] saveModel called for ID: W--3D-Files-Cabinet---Copy-Storage-Modular-Drawers-2-0---2539830-files-Drawer-c36368bd, filePath: Storage/Modular Drawers 2.0 - 2539830/files/Drawer.stl
[2026-02-12T18:35:05.828Z] Initial absoluteFilePath: W:\3D Files Cabinet - Copy\Storage\Modular Drawers 2.0 - 2539830\files\Drawer.stl
[2026-02-12T18:35:05.829Z] Resolved absoluteFilePath: W:\3D Files Cabinet - Copy\Storage\Modular Drawers 2.0 - 2539830\files\Drawer-stl-munchie.json
[2026-02-12T18:35:05.832Z] SUCCESS: File found at W:\3D Files Cabinet - Copy\Storage\Modular Drawers 2.0 - 2539830\files\Drawer-stl-munchie.json
[2026-02-12T18:35:05.834Z] [Tags Debug] Current tags in file: ["files"]
[2026-02-12T18:35:05.834Z] [Tags Debug] Incoming changes: []
[2026-02-12T18:35:05.835Z] [Tags Debug] Resulting tags to save: []
[2026-02-12T18:35:05.856Z] saveModel called for ID: W--3D-Files-Cabinet---Copy-Storage-Modular-Drawers-2-0---2539830-files-Drawer_with_Divider-f8b6d68e, filePath: Storage/Modular Drawers 2.0 - 2539830/files/Drawer_with_Divider.stl
[2026-02-12T18:35:05.856Z] Initial absoluteFilePath: W:\3D Files Cabinet - Copy\Storage\Modular Drawers 2.0 - 2539830\files\Drawer_with_Divider.stl
[2026-02-12T18:35:05.857Z] Resolved absoluteFilePath: W:\3D Files Cabinet - Copy\Storage\Modular Drawers 2.0 - 2539830\files\Drawer_with_Divider-stl-munchie.json
[2026-02-12T18:35:05.857Z] SUCCESS: File found at W:\3D Files Cabinet - Copy\Storage\Modular Drawers 2.0 - 2539830\files\Drawer_with_Divider-stl-munchie.json
[2026-02-12T18:35:05.858Z] [Tags Debug] Current tags in file: ["files"]
[2026-02-12T18:35:05.858Z] [Tags Debug] Incoming changes: []
[2026-02-12T18:35:05.859Z] [Tags Debug] Resulting tags to save: []
[2026-02-12T18:35:05.874Z] saveModel called for ID: W--3D-Files-Cabinet---Copy-Storage-Modular-Drawers-2-0---2539830-files-Interlocking_Module_V3-5f519367, filePath: Storage/Modular Drawers 2.0 - 2539830/files/Interlocking_Module_V3.stl
[2026-02-12T18:35:05.875Z] Initial absoluteFilePath: W:\3D Files Cabinet - Copy\Storage\Modular Drawers 2.0 - 2539830\files\Interlocking_Module_V3.stl
[2026-02-12T18:35:05.876Z] Resolved absoluteFilePath: W:\3D Files Cabinet - Copy\Storage\Modular Drawers 2.0 - 2539830\files\Interlocking_Module_V3-stl-munchie.json
[2026-02-12T18:35:05.877Z] SUCCESS: File found at W:\3D Files Cabinet - Copy\Storage\Modular Drawers 2.0 - 2539830\files\Interlocking_Module_V3-stl-munchie.json
[2026-02-12T18:35:05.877Z] [Tags Debug] Current tags in file: ["files"]
[2026-02-12T18:35:05.878Z] [Tags Debug] Incoming changes: []
[2026-02-12T18:35:05.878Z] [Tags Debug] Resulting tags to save: []
[2026-02-12T18:35:05.895Z] saveModel called for ID: W--3D-Files-Cabinet---Copy-Storage-Modular-Drawers-2-0---2539830-files-Knob-bf409092, filePath: Storage/Modular Drawers 2.0 - 2539830/files/Knob.stl
[2026-02-12T18:35:05.895Z] Initial absoluteFilePath: W:\3D Files Cabinet - Copy\Storage\Modular Drawers 2.0 - 2539830\files\Knob.stl
[2026-02-12T18:35:05.896Z] Resolved absoluteFilePath: W:\3D Files Cabinet - Copy\Storage\Modular Drawers 2.0 - 2539830\files\Knob-stl-munchie.json
[2026-02-12T18:35:05.897Z] SUCCESS: File found at W:\3D Files Cabinet - Copy\Storage\Modular Drawers 2.0 - 2539830\files\Knob-stl-munchie.json
[2026-02-12T18:35:05.898Z] [Tags Debug] Current tags in file: ["files"]
[2026-02-12T18:35:05.898Z] [Tags Debug] Incoming changes: []
[2026-02-12T18:35:05.898Z] [Tags Debug] Resulting tags to save: []
[2026-02-12T18:35:05.915Z] saveModel called for ID: W--3D-Files-Cabinet---Copy-Storage-Modular-Drawers-2-0---2539830-Interlock-module-for-Modular-Drawers-2---4872132-files-Hanging_mount-9322c36b, filePath: Storage/Modular Drawers 2.0 - 2539830/Interlock module for Modular Drawers 2 - 4872132/files/Hanging_mount.stl
[2026-02-12T18:35:05.915Z] Initial absoluteFilePath: W:\3D Files Cabinet - Copy\Storage\Modular Drawers 2.0 - 2539830\Interlock module for Modular Drawers 2 - 4872132\files\Hanging_mount.stl
[2026-02-12T18:35:05.916Z] Resolved absoluteFilePath: W:\3D Files Cabinet - Copy\Storage\Modular Drawers 2.0 - 2539830\Interlock module for Modular Drawers 2 - 4872132\files\Hanging_mount-stl-munchie.json
[2026-02-12T18:35:05.920Z] SUCCESS: File found at W:\3D Files Cabinet - Copy\Storage\Modular Drawers 2.0 - 2539830\Interlock module for Modular Drawers 2 - 4872132\files\Hanging_mount-stl-munchie.json
[2026-02-12T18:35:05.922Z] [Tags Debug] Current tags in file: ["files"]
[2026-02-12T18:35:05.923Z] [Tags Debug] Incoming changes: []
[2026-02-12T18:35:05.923Z] [Tags Debug] Resulting tags to save: []
[2026-02-12T18:35:05.942Z] saveModel called for ID: W--3D-Files-Cabinet---Copy-Storage-Modular-Drawers-2-0---2539830-Interlock-module-for-Modular-Drawers-2---4872132-files-my_Interlocking_Module_V1-34396912, filePath: Storage/Modular Drawers 2.0 - 2539830/Interlock module for Modular Drawers 2 - 4872132/files/my_Interlocking_Module_V1.stl
[2026-02-12T18:35:05.943Z] Initial absoluteFilePath: W:\3D Files Cabinet - Copy\Storage\Modular Drawers 2.0 - 2539830\Interlock module for Modular Drawers 2 - 4872132\files\my_Interlocking_Module_V1.stl
[2026-02-12T18:35:05.943Z] Resolved absoluteFilePath: W:\3D Files Cabinet - Copy\Storage\Modular Drawers 2.0 - 2539830\Interlock module for Modular Drawers 2 - 4872132\files\my_Interlocking_Module_V1-stl-munchie.json
[2026-02-12T18:35:05.944Z] SUCCESS: File found at W:\3D Files Cabinet - Copy\Storage\Modular Drawers 2.0 - 2539830\Interlock module for Modular Drawers 2 - 4872132\files\my_Interlocking_Module_V1-stl-munchie.json
[2026-02-12T18:35:05.945Z] [Tags Debug] Current tags in file: ["files"]
[2026-02-12T18:35:05.945Z] [Tags Debug] Incoming changes: []
[2026-02-12T18:35:05.945Z] [Tags Debug] Resulting tags to save: []
[2026-02-12T18:35:05.961Z] saveModel called for ID: W--3D-Files-Cabinet---Copy-Storage-Modular-Drawers-2-0---2539830-Modular-drawers-for-electronics-engineers-Modular-drawers-for-electronics-engineers---5497981---part-1-of-2-files-1_to_8-48fddb43, filePath: Storage/Modular Drawers 2.0 - 2539830/Modular drawers for electronics engineers/Modular drawers for electronics engineers - 5497981 - part 1 of 2/files/1_to_8.stl
[2026-02-12T18:35:05.962Z] Initial absoluteFilePath: W:\3D Files Cabinet - Copy\Storage\Modular Drawers 2.0 - 2539830\Modular drawers for electronics engineers\Modular drawers for electronics engineers - 5497981 - part 1 of 2\files\1_to_8.stl
[2026-02-12T18:35:05.962Z] Resolved absoluteFilePath: W:\3D Files Cabinet - Copy\Storage\Modular Drawers 2.0 - 2539830\Modular drawers for electronics engineers\Modular drawers for electronics engineers - 5497981 - part 1 of 2\files\1_to_8-stl-munchie.json
[2026-02-12T18:35:05.965Z] SUCCESS: File found at W:\3D Files Cabinet - Copy\Storage\Modular Drawers 2.0 - 2539830\Modular drawers for electronics engineers\Modular drawers for electronics engineers - 5497981 - part 1 of 2\files\1_to_8-stl-munchie.json
[2026-02-12T18:35:05.967Z] [Tags Debug] Current tags in file: ["files"]
[2026-02-12T18:35:05.968Z] [Tags Debug] Incoming changes: []
[2026-02-12T18:35:05.968Z] [Tags Debug] Resulting tags to save: []
[2026-02-12T18:35:06.035Z] saveModel called for ID: W--3D-Files-Cabinet---Copy-Storage-Modular-Drawers-2-0---2539830-Modular-drawers-for-electronics-engineers-Modular-drawers-for-electronics-engineers---5497981---part-1-of-2-files-1_to_8_double-5785161f, filePath: Storage/Modular Drawers 2.0 - 2539830/Modular drawers for electronics engineers/Modular drawers for electronics engineers - 5497981 - part 1 of 2/files/1_to_8_double.stl
[2026-02-12T18:35:06.036Z] Initial absoluteFilePath: W:\3D Files Cabinet - Copy\Storage\Modular Drawers 2.0 - 2539830\Modular drawers for electronics engineers\Modular drawers for electronics engineers - 5497981 - part 1 of 2\files\1_to_8_double.stl
[2026-02-12T18:35:06.036Z] Resolved absoluteFilePath: W:\3D Files Cabinet - Copy\Storage\Modular Drawers 2.0 - 2539830\Modular drawers for electronics engineers\Modular drawers for electronics engineers - 5497981 - part 1 of 2\files\1_to_8_double-stl-munchie.json
[2026-02-12T18:35:06.037Z] SUCCESS: File found at W:\3D Files Cabinet - Copy\Storage\Modular Drawers 2.0 - 2539830\Modular drawers for electronics engineers\Modular drawers for electronics engineers - 5497981 - part 1 of 2\files\1_to_8_double-stl-munchie.json
[2026-02-12T18:35:06.037Z] [Tags Debug] Current tags in file: ["files"]
[2026-02-12T18:35:06.038Z] [Tags Debug] Incoming changes: []
[2026-02-12T18:35:06.038Z] [Tags Debug] Resulting tags to save: []
[2026-02-12T18:35:06.062Z] saveModel called for ID: W--3D-Files-Cabinet---Copy-Storage-Modular-Drawers-2-0---2539830-Modular-drawers-for-electronics-engineers-Modular-drawers-for-electronics-engineers---5497981---part-1-of-2-files-2_to_8_sideways-7af352e7, filePath: Storage/Modular Drawers 2.0 - 2539830/Modular drawers for electronics engineers/Modular drawers for electronics engineers - 5497981 - part 1 of 2/files/2_to_8_sideways.stl
[2026-02-12T18:35:06.063Z] Initial absoluteFilePath: W:\3D Files Cabinet - Copy\Storage\Modular Drawers 2.0 - 2539830\Modular drawers for electronics engineers\Modular drawers for electronics engineers - 5497981 - part 1 of 2\files\2_to_8_sideways.stl
[2026-02-12T18:35:06.063Z] Resolved absoluteFilePath: W:\3D Files Cabinet - Copy\Storage\Modular Drawers 2.0 - 2539830\Modular drawers for electronics engineers\Modular drawers for electronics engineers - 5497981 - part 1 of 2\files\2_to_8_sideways-stl-munchie.json
[2026-02-12T18:35:06.064Z] SUCCESS: File found at W:\3D Files Cabinet - Copy\Storage\Modular Drawers 2.0 - 2539830\Modular drawers for electronics engineers\Modular drawers for electronics engineers - 5497981 - part 1 of 2\files\2_to_8_sideways-stl-munchie.json
[2026-02-12T18:35:06.064Z] [Tags Debug] Current tags in file: ["files"]
[2026-02-12T18:35:06.064Z] [Tags Debug] Incoming changes: []
[2026-02-12T18:35:06.065Z] [Tags Debug] Resulting tags to save: []
[2026-02-12T18:35:06.089Z] saveModel called for ID: W--3D-Files-Cabinet---Copy-Storage-Modular-Drawers-2-0---2539830-Modular-drawers-for-electronics-engineers-Modular-drawers-for-electronics-engineers---5497981---part-1-of-2-files-2_to_8_sideways_double-d1e1c06b, filePath: Storage/Modular Drawers 2.0 - 2539830/Modular drawers for electronics engineers/Modular drawers for electronics engineers - 5497981 - part 1 of 2/files/2_to_8_sideways_double.stl
[2026-02-12T18:35:06.089Z] Initial absoluteFilePath: W:\3D Files Cabinet - Copy\Storage\Modular Drawers 2.0 - 2539830\Modular drawers for electronics engineers\Modular drawers for electronics engineers - 5497981 - part 1 of 2\files\2_to_8_sideways_double.stl
[2026-02-12T18:35:06.090Z] Resolved absoluteFilePath: W:\3D Files Cabinet - Copy\Storage\Modular Drawers 2.0 - 2539830\Modular drawers for electronics engineers\Modular drawers for electronics engineers - 5497981 - part 1 of 2\files\2_to_8_sideways_double-stl-munchie.json
[2026-02-12T18:35:06.091Z] SUCCESS: File found at W:\3D Files Cabinet - Copy\Storage\Modular Drawers 2.0 - 2539830\Modular drawers for electronics engineers\Modular drawers for electronics engineers - 5497981 - part 1 of 2\files\2_to_8_sideways_double-stl-munchie.json
[2026-02-12T18:35:06.091Z] [Tags Debug] Current tags in file: ["files"]
[2026-02-12T18:35:06.091Z] [Tags Debug] Incoming changes: []
[2026-02-12T18:35:06.092Z] [Tags Debug] Resulting tags to save: []
[2026-02-12T18:35:06.116Z] saveModel called for ID: W--3D-Files-Cabinet---Copy-Storage-Modular-Drawers-2-0---2539830-Modular-drawers-for-electronics-engineers-Modular-drawers-for-electronics-engineers---5497981---part-1-of-2-files-2_to_8_upwards-223fb767, filePath: Storage/Modular Drawers 2.0 - 2539830/Modular drawers for electronics engineers/Modular drawers for electronics engineers - 5497981 - part 1 of 2/files/2_to_8_upwards.stl
[2026-02-12T18:35:06.117Z] Initial absoluteFilePath: W:\3D Files Cabinet - Copy\Storage\Modular Drawers 2.0 - 2539830\Modular drawers for electronics engineers\Modular drawers for electronics engineers - 5497981 - part 1 of 2\files\2_to_8_upwards.stl
[2026-02-12T18:35:06.117Z] Resolved absoluteFilePath: W:\3D Files Cabinet - Copy\Storage\Modular Drawers 2.0 - 2539830\Modular drawers for electronics engineers\Modular drawers for electronics engineers - 5497981 - part 1 of 2\files\2_to_8_upwards-stl-munchie.json
[2026-02-12T18:35:06.118Z] SUCCESS: File found at W:\3D Files Cabinet - Copy\Storage\Modular Drawers 2.0 - 2539830\Modular drawers for electronics engineers\Modular drawers for electronics engineers - 5497981 - part 1 of 2\files\2_to_8_upwards-stl-munchie.json
[2026-02-12T18:35:06.119Z] [Tags Debug] Current tags in file: ["files"]
[2026-02-12T18:35:06.119Z] [Tags Debug] Incoming changes: []
[2026-02-12T18:35:06.119Z] [Tags Debug] Resulting tags to save: []
[2026-02-12T18:35:06.148Z] saveModel called for ID: W--3D-Files-Cabinet---Copy-Storage-Modular-Drawers-2-0---2539830-Modular-drawers-for-electronics-engineers-Modular-drawers-for-electronics-engineers---5497981---part-1-of-2-files-2_to_8_upwards_double-034b0b7e, filePath: Storage/Modular Drawers 2.0 - 2539830/Modular drawers for electronics engineers/Modular drawers for electronics engineers - 5497981 - part 1 of 2/files/2_to_8_upwards_double.stl
[2026-02-12T18:35:06.149Z] Initial absoluteFilePath: W:\3D Files Cabinet - Copy\Storage\Modular Drawers 2.0 - 2539830\Modular drawers for electronics engineers\Modular drawers for electronics engineers - 5497981 - part 1 of 2\files\2_to_8_upwards_double.stl
[2026-02-12T18:35:06.150Z] Resolved absoluteFilePath: W:\3D Files Cabinet - Copy\Storage\Modular Drawers 2.0 - 2539830\Modular drawers for electronics engineers\Modular drawers for electronics engineers - 5497981 - part 1 of 2\files\2_to_8_upwards_double-stl-munchie.json
[2026-02-12T18:35:06.151Z] SUCCESS: File found at W:\3D Files Cabinet - Copy\Storage\Modular Drawers 2.0 - 2539830\Modular drawers for electronics engineers\Modular drawers for electronics engineers - 5497981 - part 1 of 2\files\2_to_8_upwards_double-stl-munchie.json
[2026-02-12T18:35:06.151Z] [Tags Debug] Current tags in file: ["files"]
[2026-02-12T18:35:06.152Z] [Tags Debug] Incoming changes: []
[2026-02-12T18:35:06.152Z] [Tags Debug] Resulting tags to save: []
[2026-02-12T18:35:06.182Z] saveModel called for ID: W--3D-Files-Cabinet---Copy-Storage-Modular-Drawers-2-0---2539830-Modular-drawers-for-electronics-engineers-Modular-drawers-for-electronics-engineers---5497981---part-1-of-2-files-4_to_8-cc9d4c50, filePath: Storage/Modular Drawers 2.0 - 2539830/Modular drawers for electronics engineers/Modular drawers for electronics engineers - 5497981 - part 1 of 2/files/4_to_8.stl
[2026-02-12T18:35:06.182Z] Initial absoluteFilePath: W:\3D Files Cabinet - Copy\Storage\Modular Drawers 2.0 - 2539830\Modular drawers for electronics engineers\Modular drawers for electronics engineers - 5497981 - part 1 of 2\files\4_to_8.stl
[2026-02-12T18:35:06.183Z] Resolved absoluteFilePath: W:\3D Files Cabinet - Copy\Storage\Modular Drawers 2.0 - 2539830\Modular drawers for electronics engineers\Modular drawers for electronics engineers - 5497981 - part 1 of 2\files\4_to_8-stl-munchie.json
[2026-02-12T18:35:06.183Z] SUCCESS: File found at W:\3D Files Cabinet - Copy\Storage\Modular Drawers 2.0 - 2539830\Modular drawers for electronics engineers\Modular drawers for electronics engineers - 5497981 - part 1 of 2\files\4_to_8-stl-munchie.json
[2026-02-12T18:35:06.184Z] [Tags Debug] Current tags in file: ["files"]
[2026-02-12T18:35:06.184Z] [Tags Debug] Incoming changes: []
[2026-02-12T18:35:06.184Z] [Tags Debug] Resulting tags to save: []
[2026-02-12T18:35:06.209Z] saveModel called for ID: W--3D-Files-Cabinet---Copy-Storage-Modular-Drawers-2-0---2539830-Modular-drawers-for-electronics-engineers-Modular-drawers-for-electronics-engineers---5497981---part-1-of-2-files-4_to_8_double-6292f018, filePath: Storage/Modular Drawers 2.0 - 2539830/Modular drawers for electronics engineers/Modular drawers for electronics engineers - 5497981 - part 1 of 2/files/4_to_8_double.stl
[2026-02-12T18:35:06.209Z] Initial absoluteFilePath: W:\3D Files Cabinet - Copy\Storage\Modular Drawers 2.0 - 2539830\Modular drawers for electronics engineers\Modular drawers for electronics engineers - 5497981 - part 1 of 2\files\4_to_8_double.stl
[2026-02-12T18:35:06.210Z] Resolved absoluteFilePath: W:\3D Files Cabinet - Copy\Storage\Modular Drawers 2.0 - 2539830\Modular drawers for electronics engineers\Modular drawers for electronics engineers - 5497981 - part 1 of 2\files\4_to_8_double-stl-munchie.json
[2026-02-12T18:35:06.211Z] SUCCESS: File found at W:\3D Files Cabinet - Copy\Storage\Modular Drawers 2.0 - 2539830\Modular drawers for electronics engineers\Modular drawers for electronics engineers - 5497981 - part 1 of 2\files\4_to_8_double-stl-munchie.json
[2026-02-12T18:35:06.212Z] [Tags Debug] Current tags in file: ["files"]
[2026-02-12T18:35:06.212Z] [Tags Debug] Incoming changes: []
[2026-02-12T18:35:06.213Z] [Tags Debug] Resulting tags to save: []
[2026-02-12T18:35:06.235Z] saveModel called for ID: W--3D-Files-Cabinet---Copy-Storage-Modular-Drawers-2-0---2539830-Modular-drawers-for-electronics-engineers-Modular-drawers-for-electronics-engineers---5497981---part-1-of-2-files-Cable_holder-89a5ef2b, filePath: Storage/Modular Drawers 2.0 - 2539830/Modular drawers for electronics engineers/Modular drawers for electronics engineers - 5497981 - part 1 of 2/files/Cable_holder.stl
[2026-02-12T18:35:06.236Z] Initial absoluteFilePath: W:\3D Files Cabinet - Copy\Storage\Modular Drawers 2.0 - 2539830\Modular drawers for electronics engineers\Modular drawers for electronics engineers - 5497981 - part 1 of 2\files\Cable_holder.stl
[2026-02-12T18:35:06.236Z] Resolved absoluteFilePath: W:\3D Files Cabinet - Copy\Storage\Modular Drawers 2.0 - 2539830\Modular drawers for electronics engineers\Modular drawers for electronics engineers - 5497981 - part 1 of 2\files\Cable_holder-stl-munchie.json
[2026-02-12T18:35:06.237Z] SUCCESS: File found at W:\3D Files Cabinet - Copy\Storage\Modular Drawers 2.0 - 2539830\Modular drawers for electronics engineers\Modular drawers for electronics engineers - 5497981 - part 1 of 2\files\Cable_holder-stl-munchie.json
[2026-02-12T18:35:06.237Z] [Tags Debug] Current tags in file: ["files"]
[2026-02-12T18:35:06.237Z] [Tags Debug] Incoming changes: []
[2026-02-12T18:35:06.238Z] [Tags Debug] Resulting tags to save: []
[2026-02-12T18:35:06.264Z] saveModel called for ID: W--3D-Files-Cabinet---Copy-Storage-Modular-Drawers-2-0---2539830-Modular-drawers-for-electronics-engineers-Modular-drawers-for-electronics-engineers---5497981---part-1-of-2-files-Cable_holder_hanger_middle_female-6ff60c5b, filePath: Storage/Modular Drawers 2.0 - 2539830/Modular drawers for electronics engineers/Modular drawers for electronics engineers - 5497981 - part 1 of 2/files/Cable_holder_hanger_middle_female.stl
[2026-02-12T18:35:06.265Z] Initial absoluteFilePath: W:\3D Files Cabinet - Copy\Storage\Modular Drawers 2.0 - 2539830\Modular drawers for electronics engineers\Modular drawers for electronics engineers - 5497981 - part 1 of 2\files\Cable_holder_hanger_middle_female.stl
[2026-02-12T18:35:06.265Z] Resolved absoluteFilePath: W:\3D Files Cabinet - Copy\Storage\Modular Drawers 2.0 - 2539830\Modular drawers for electronics engineers\Modular drawers for electronics engineers - 5497981 - part 1 of 2\files\Cable_holder_hanger_middle_female-stl-munchie.json
[2026-02-12T18:35:06.266Z] SUCCESS: File found at W:\3D Files Cabinet - Copy\Storage\Modular Drawers 2.0 - 2539830\Modular drawers for electronics engineers\Modular drawers for electronics engineers - 5497981 - part 1 of 2\files\Cable_holder_hanger_middle_female-stl-munchie.json
[2026-02-12T18:35:06.266Z] [Tags Debug] Current tags in file: ["files"]
[2026-02-12T18:35:06.267Z] [Tags Debug] Incoming changes: []
[2026-02-12T18:35:06.267Z] [Tags Debug] Resulting tags to save: []
[2026-02-12T18:35:06.289Z] saveModel called for ID: W--3D-Files-Cabinet---Copy-Storage-Modular-Drawers-2-0---2539830-Modular-drawers-for-electronics-engineers-Modular-drawers-for-electronics-engineers---5497981---part-1-of-2-files-Cable_holder_hanger_middle_male-6728aa3b, filePath: Storage/Modular Drawers 2.0 - 2539830/Modular drawers for electronics engineers/Modular drawers for electronics engineers - 5497981 - part 1 of 2/files/Cable_holder_hanger_middle_male.stl
[2026-02-12T18:35:06.290Z] Initial absoluteFilePath: W:\3D Files Cabinet - Copy\Storage\Modular Drawers 2.0 - 2539830\Modular drawers for electronics engineers\Modular drawers for electronics engineers - 5497981 - part 1 of 2\files\Cable_holder_hanger_middle_male.stl
[2026-02-12T18:35:06.290Z] Resolved absoluteFilePath: W:\3D Files Cabinet - Copy\Storage\Modular Drawers 2.0 - 2539830\Modular drawers for electronics engineers\Modular drawers for electronics engineers - 5497981 - part 1 of 2\files\Cable_holder_hanger_middle_male-stl-munchie.json
[2026-02-12T18:35:06.291Z] SUCCESS: File found at W:\3D Files Cabinet - Copy\Storage\Modular Drawers 2.0 - 2539830\Modular drawers for electronics engineers\Modular drawers for electronics engineers - 5497981 - part 1 of 2\files\Cable_holder_hanger_middle_male-stl-munchie.json
[2026-02-12T18:35:06.291Z] [Tags Debug] Current tags in file: ["files"]
[2026-02-12T18:35:06.292Z] [Tags Debug] Incoming changes: []
[2026-02-12T18:35:06.292Z] [Tags Debug] Resulting tags to save: []
[2026-02-12T18:35:06.337Z] saveModel called for ID: W--3D-Files-Cabinet---Copy-Storage-Modular-Drawers-2-0---2539830-Modular-drawers-for-electronics-engineers-Modular-drawers-for-electronics-engineers---5497981---part-1-of-2-files-Cable_holder_left_male-34bd2bb2, filePath: Storage/Modular Drawers 2.0 - 2539830/Modular drawers for electronics engineers/Modular drawers for electronics engineers - 5497981 - part 1 of 2/files/Cable_holder_left_male.stl
[2026-02-12T18:35:06.338Z] Initial absoluteFilePath: W:\3D Files Cabinet - Copy\Storage\Modular Drawers 2.0 - 2539830\Modular drawers for electronics engineers\Modular drawers for electronics engineers - 5497981 - part 1 of 2\files\Cable_holder_left_male.stl
[2026-02-12T18:35:06.338Z] Resolved absoluteFilePath: W:\3D Files Cabinet - Copy\Storage\Modular Drawers 2.0 - 2539830\Modular drawers for electronics engineers\Modular drawers for electronics engineers - 5497981 - part 1 of 2\files\Cable_holder_left_male-stl-munchie.json
[2026-02-12T18:35:06.339Z] SUCCESS: File found at W:\3D Files Cabinet - Copy\Storage\Modular Drawers 2.0 - 2539830\Modular drawers for electronics engineers\Modular drawers for electronics engineers - 5497981 - part 1 of 2\files\Cable_holder_left_male-stl-munchie.json
[2026-02-12T18:35:06.340Z] [Tags Debug] Current tags in file: ["files"]
[2026-02-12T18:35:06.340Z] [Tags Debug] Incoming changes: []
[2026-02-12T18:35:06.341Z] [Tags Debug] Resulting tags to save: []
[2026-02-12T18:35:06.365Z] saveModel called for ID: W--3D-Files-Cabinet---Copy-Storage-Modular-Drawers-2-0---2539830-Modular-drawers-for-electronics-engineers-Modular-drawers-for-electronics-engineers---5497981---part-1-of-2-files-Cable_holder_right_female-62b450ff, filePath: Storage/Modular Drawers 2.0 - 2539830/Modular drawers for electronics engineers/Modular drawers for electronics engineers - 5497981 - part 1 of 2/files/Cable_holder_right_female.stl
[2026-02-12T18:35:06.365Z] Initial absoluteFilePath: W:\3D Files Cabinet - Copy\Storage\Modular Drawers 2.0 - 2539830\Modular drawers for electronics engineers\Modular drawers for electronics engineers - 5497981 - part 1 of 2\files\Cable_holder_right_female.stl
[2026-02-12T18:35:06.366Z] Resolved absoluteFilePath: W:\3D Files Cabinet - Copy\Storage\Modular Drawers 2.0 - 2539830\Modular drawers for electronics engineers\Modular drawers for electronics engineers - 5497981 - part 1 of 2\files\Cable_holder_right_female-stl-munchie.json
[2026-02-12T18:35:06.367Z] SUCCESS: File found at W:\3D Files Cabinet - Copy\Storage\Modular Drawers 2.0 - 2539830\Modular drawers for electronics engineers\Modular drawers for electronics engineers - 5497981 - part 1 of 2\files\Cable_holder_right_female-stl-munchie.json
[2026-02-12T18:35:06.367Z] [Tags Debug] Current tags in file: ["files"]
[2026-02-12T18:35:06.368Z] [Tags Debug] Incoming changes: []
[2026-02-12T18:35:06.368Z] [Tags Debug] Resulting tags to save: []
[2026-02-12T18:35:06.392Z] saveModel called for ID: W--3D-Files-Cabinet---Copy-Storage-Modular-Drawers-2-0---2539830-Modular-drawers-for-electronics-engineers-Modular-drawers-for-electronics-engineers---5497981---part-1-of-2-files-Drawer-917659f4, filePath: Storage/Modular Drawers 2.0 - 2539830/Modular drawers for electronics engineers/Modular drawers for electronics engineers - 5497981 - part 1 of 2/files/Drawer.stl
[2026-02-12T18:35:06.393Z] Initial absoluteFilePath: W:\3D Files Cabinet - Copy\Storage\Modular Drawers 2.0 - 2539830\Modular drawers for electronics engineers\Modular drawers for electronics engineers - 5497981 - part 1 of 2\files\Drawer.stl
[2026-02-12T18:35:06.393Z] Resolved absoluteFilePath: W:\3D Files Cabinet - Copy\Storage\Modular Drawers 2.0 - 2539830\Modular drawers for electronics engineers\Modular drawers for electronics engineers - 5497981 - part 1 of 2\files\Drawer-stl-munchie.json
[2026-02-12T18:35:06.394Z] SUCCESS: File found at W:\3D Files Cabinet - Copy\Storage\Modular Drawers 2.0 - 2539830\Modular drawers for electronics engineers\Modular drawers for electronics engineers - 5497981 - part 1 of 2\files\Drawer-stl-munchie.json
[2026-02-12T18:35:06.395Z] [Tags Debug] Current tags in file: ["files"]
[2026-02-12T18:35:06.395Z] [Tags Debug] Incoming changes: []
[2026-02-12T18:35:06.396Z] [Tags Debug] Resulting tags to save: []
[2026-02-12T18:35:06.419Z] saveModel called for ID: W--3D-Files-Cabinet---Copy-Storage-Modular-Drawers-2-0---2539830-Modular-drawers-for-electronics-engineers-Modular-drawers-for-electronics-engineers---5497981---part-1-of-2-files-Gripper-fcc29ca8, filePath: Storage/Modular Drawers 2.0 - 2539830/Modular drawers for electronics engineers/Modular drawers for electronics engineers - 5497981 - part 1 of 2/files/Gripper.stl
[2026-02-12T18:35:06.420Z] Initial absoluteFilePath: W:\3D Files Cabinet - Copy\Storage\Modular Drawers 2.0 - 2539830\Modular drawers for electronics engineers\Modular drawers for electronics engineers - 5497981 - part 1 of 2\files\Gripper.stl
[2026-02-12T18:35:06.420Z] Resolved absoluteFilePath: W:\3D Files Cabinet - Copy\Storage\Modular Drawers 2.0 - 2539830\Modular drawers for electronics engineers\Modular drawers for electronics engineers - 5497981 - part 1 of 2\files\Gripper-stl-munchie.json
[2026-02-12T18:35:06.421Z] SUCCESS: File found at W:\3D Files Cabinet - Copy\Storage\Modular Drawers 2.0 - 2539830\Modular drawers for electronics engineers\Modular drawers for electronics engineers - 5497981 - part 1 of 2\files\Gripper-stl-munchie.json
[2026-02-12T18:35:06.422Z] [Tags Debug] Current tags in file: ["files"]
[2026-02-12T18:35:06.422Z] [Tags Debug] Incoming changes: []
[2026-02-12T18:35:06.422Z] [Tags Debug] Resulting tags to save: []
[2026-02-12T18:35:06.446Z] saveModel called for ID: W--3D-Files-Cabinet---Copy-Storage-Modular-Drawers-2-0---2539830-Modular-drawers-for-electronics-engineers-Modular-drawers-for-electronics-engineers---5497981---part-1-of-2-files-Hanger_female-58783ac2, filePath: Storage/Modular Drawers 2.0 - 2539830/Modular drawers for electronics engineers/Modular drawers for electronics engineers - 5497981 - part 1 of 2/files/Hanger_female.stl
[2026-02-12T18:35:06.447Z] Initial absoluteFilePath: W:\3D Files Cabinet - Copy\Storage\Modular Drawers 2.0 - 2539830\Modular drawers for electronics engineers\Modular drawers for electronics engineers - 5497981 - part 1 of 2\files\Hanger_female.stl
[2026-02-12T18:35:06.447Z] Resolved absoluteFilePath: W:\3D Files Cabinet - Copy\Storage\Modular Drawers 2.0 - 2539830\Modular drawers for electronics engineers\Modular drawers for electronics engineers - 5497981 - part 1 of 2\files\Hanger_female-stl-munchie.json
[2026-02-12T18:35:06.448Z] SUCCESS: File found at W:\3D Files Cabinet - Copy\Storage\Modular Drawers 2.0 - 2539830\Modular drawers for electronics engineers\Modular drawers for electronics engineers - 5497981 - part 1 of 2\files\Hanger_female-stl-munchie.json
[2026-02-12T18:35:06.449Z] [Tags Debug] Current tags in file: ["files"]
[2026-02-12T18:35:06.449Z] [Tags Debug] Incoming changes: []
[2026-02-12T18:35:06.449Z] [Tags Debug] Resulting tags to save: []
[2026-02-12T18:35:06.475Z] saveModel called for ID: W--3D-Files-Cabinet---Copy-Storage-Modular-Drawers-2-0---2539830-Modular-drawers-for-electronics-engineers-Modular-drawers-for-electronics-engineers---5497981---part-1-of-2-files-Hanger_male-ccce1f83, filePath: Storage/Modular Drawers 2.0 - 2539830/Modular drawers for electronics engineers/Modular drawers for electronics engineers - 5497981 - part 1 of 2/files/Hanger_male.stl
[2026-02-12T18:35:06.475Z] Initial absoluteFilePath: W:\3D Files Cabinet - Copy\Storage\Modular Drawers 2.0 - 2539830\Modular drawers for electronics engineers\Modular drawers for electronics engineers - 5497981 - part 1 of 2\files\Hanger_male.stl
[2026-02-12T18:35:06.476Z] Resolved absoluteFilePath: W:\3D Files Cabinet - Copy\Storage\Modular Drawers 2.0 - 2539830\Modular drawers for electronics engineers\Modular drawers for electronics engineers - 5497981 - part 1 of 2\files\Hanger_male-stl-munchie.json
[2026-02-12T18:35:06.477Z] SUCCESS: File found at W:\3D Files Cabinet - Copy\Storage\Modular Drawers 2.0 - 2539830\Modular drawers for electronics engineers\Modular drawers for electronics engineers - 5497981 - part 1 of 2\files\Hanger_male-stl-munchie.json
[2026-02-12T18:35:06.477Z] [Tags Debug] Current tags in file: ["files"]
[2026-02-12T18:35:06.478Z] [Tags Debug] Incoming changes: []
[2026-02-12T18:35:06.478Z] [Tags Debug] Resulting tags to save: []
[2026-02-12T18:35:06.503Z] saveModel called for ID: W--3D-Files-Cabinet---Copy-Storage-Modular-Drawers-2-0---2539830-Modular-drawers-for-electronics-engineers-Modular-drawers-for-electronics-engineers---5497981---part-1-of-2-files-Jumper_cable_holder_left_female-34c9e845, filePath: Storage/Modular Drawers 2.0 - 2539830/Modular drawers for electronics engineers/Modular drawers for electronics engineers - 5497981 - part 1 of 2/files/Jumper_cable_holder_left_female.stl
[2026-02-12T18:35:06.504Z] Initial absoluteFilePath: W:\3D Files Cabinet - Copy\Storage\Modular Drawers 2.0 - 2539830\Modular drawers for electronics engineers\Modular drawers for electronics engineers - 5497981 - part 1 of 2\files\Jumper_cable_holder_left_female.stl
[2026-02-12T18:35:06.505Z] Resolved absoluteFilePath: W:\3D Files Cabinet - Copy\Storage\Modular Drawers 2.0 - 2539830\Modular drawers for electronics engineers\Modular drawers for electronics engineers - 5497981 - part 1 of 2\files\Jumper_cable_holder_left_female-stl-munchie.json
[2026-02-12T18:35:06.505Z] SUCCESS: File found at W:\3D Files Cabinet - Copy\Storage\Modular Drawers 2.0 - 2539830\Modular drawers for electronics engineers\Modular drawers for electronics engineers - 5497981 - part 1 of 2\files\Jumper_cable_holder_left_female-stl-munchie.json
[2026-02-12T18:35:06.506Z] [Tags Debug] Current tags in file: ["files"]
[2026-02-12T18:35:06.506Z] [Tags Debug] Incoming changes: []
[2026-02-12T18:35:06.507Z] [Tags Debug] Resulting tags to save: []
[2026-02-12T18:35:06.531Z] saveModel called for ID: W--3D-Files-Cabinet---Copy-Storage-Modular-Drawers-2-0---2539830-Modular-drawers-for-electronics-engineers-Modular-drawers-for-electronics-engineers---5497981---part-1-of-2-files-Jumper_cable_holder_left_male-cae63f72, filePath: Storage/Modular Drawers 2.0 - 2539830/Modular drawers for electronics engineers/Modular drawers for electronics engineers - 5497981 - part 1 of 2/files/Jumper_cable_holder_left_male.stl
[2026-02-12T18:35:06.532Z] Initial absoluteFilePath: W:\3D Files Cabinet - Copy\Storage\Modular Drawers 2.0 - 2539830\Modular drawers for electronics engineers\Modular drawers for electronics engineers - 5497981 - part 1 of 2\files\Jumper_cable_holder_left_male.stl
[2026-02-12T18:35:06.532Z] Resolved absoluteFilePath: W:\3D Files Cabinet - Copy\Storage\Modular Drawers 2.0 - 2539830\Modular drawers for electronics engineers\Modular drawers for electronics engineers - 5497981 - part 1 of 2\files\Jumper_cable_holder_left_male-stl-munchie.json
[2026-02-12T18:35:06.533Z] SUCCESS: File found at W:\3D Files Cabinet - Copy\Storage\Modular Drawers 2.0 - 2539830\Modular drawers for electronics engineers\Modular drawers for electronics engineers - 5497981 - part 1 of 2\files\Jumper_cable_holder_left_male-stl-munchie.json
[2026-02-12T18:35:06.534Z] [Tags Debug] Current tags in file: ["files"]
[2026-02-12T18:35:06.534Z] [Tags Debug] Incoming changes: []
[2026-02-12T18:35:06.534Z] [Tags Debug] Resulting tags to save: []
[2026-02-12T18:35:06.558Z] saveModel called for ID: W--3D-Files-Cabinet---Copy-Storage-Modular-Drawers-2-0---2539830-Modular-drawers-for-electronics-engineers-Modular-drawers-for-electronics-engineers---5497981---part-1-of-2-files-Jumper_cable_holder_right_female-c932f473, filePath: Storage/Modular Drawers 2.0 - 2539830/Modular drawers for electronics engineers/Modular drawers for electronics engineers - 5497981 - part 1 of 2/files/Jumper_cable_holder_right_female.stl
[2026-02-12T18:35:06.558Z] Initial absoluteFilePath: W:\3D Files Cabinet - Copy\Storage\Modular Drawers 2.0 - 2539830\Modular drawers for electronics engineers\Modular drawers for electronics engineers - 5497981 - part 1 of 2\files\Jumper_cable_holder_right_female.stl
[2026-02-12T18:35:06.559Z] Resolved absoluteFilePath: W:\3D Files Cabinet - Copy\Storage\Modular Drawers 2.0 - 2539830\Modular drawers for electronics engineers\Modular drawers for electronics engineers - 5497981 - part 1 of 2\files\Jumper_cable_holder_right_female-stl-munchie.json
[2026-02-12T18:35:06.560Z] SUCCESS: File found at W:\3D Files Cabinet - Copy\Storage\Modular Drawers 2.0 - 2539830\Modular drawers for electronics engineers\Modular drawers for electronics engineers - 5497981 - part 1 of 2\files\Jumper_cable_holder_right_female-stl-munchie.json
[2026-02-12T18:35:06.560Z] [Tags Debug] Current tags in file: ["files"]
[2026-02-12T18:35:06.560Z] [Tags Debug] Incoming changes: []
[2026-02-12T18:35:06.561Z] [Tags Debug] Resulting tags to save: []
[2026-02-12T18:35:06.584Z] saveModel called for ID: W--3D-Files-Cabinet---Copy-Storage-Modular-Drawers-2-0---2539830-Modular-drawers-for-electronics-engineers-Modular-drawers-for-electronics-engineers---5497981---part-1-of-2-files-Jumper_cable_holder_right_male-9190dbf7, filePath: Storage/Modular Drawers 2.0 - 2539830/Modular drawers for electronics engineers/Modular drawers for electronics engineers - 5497981 - part 1 of 2/files/Jumper_cable_holder_right_male.stl
[2026-02-12T18:35:06.585Z] Initial absoluteFilePath: W:\3D Files Cabinet - Copy\Storage\Modular Drawers 2.0 - 2539830\Modular drawers for electronics engineers\Modular drawers for electronics engineers - 5497981 - part 1 of 2\files\Jumper_cable_holder_right_male.stl
[2026-02-12T18:35:06.585Z] Resolved absoluteFilePath: W:\3D Files Cabinet - Copy\Storage\Modular Drawers 2.0 - 2539830\Modular drawers for electronics engineers\Modular drawers for electronics engineers - 5497981 - part 1 of 2\files\Jumper_cable_holder_right_male-stl-munchie.json
[2026-02-12T18:35:06.586Z] SUCCESS: File found at W:\3D Files Cabinet - Copy\Storage\Modular Drawers 2.0 - 2539830\Modular drawers for electronics engineers\Modular drawers for electronics engineers - 5497981 - part 1 of 2\files\Jumper_cable_holder_right_male-stl-munchie.json
[2026-02-12T18:35:06.587Z] [Tags Debug] Current tags in file: ["files"]
[2026-02-12T18:35:06.587Z] [Tags Debug] Incoming changes: []
[2026-02-12T18:35:06.587Z] [Tags Debug] Resulting tags to save: []
[2026-02-12T18:35:06.612Z] saveModel called for ID: W--3D-Files-Cabinet---Copy-Storage-Modular-Drawers-2-0---2539830-Modular-drawers-for-electronics-engineers-Modular-drawers-for-electronics-engineers---5497981---part-1-of-2-files-Larger_storage_middle_female-eea24f62, filePath: Storage/Modular Drawers 2.0 - 2539830/Modular drawers for electronics engineers/Modular drawers for electronics engineers - 5497981 - part 1 of 2/files/Larger_storage_middle_female.stl
[2026-02-12T18:35:06.612Z] Initial absoluteFilePath: W:\3D Files Cabinet - Copy\Storage\Modular Drawers 2.0 - 2539830\Modular drawers for electronics engineers\Modular drawers for electronics engineers - 5497981 - part 1 of 2\files\Larger_storage_middle_female.stl
[2026-02-12T18:35:06.613Z] Resolved absoluteFilePath: W:\3D Files Cabinet - Copy\Storage\Modular Drawers 2.0 - 2539830\Modular drawers for electronics engineers\Modular drawers for electronics engineers - 5497981 - part 1 of 2\files\Larger_storage_middle_female-stl-munchie.json
[2026-02-12T18:35:06.614Z] SUCCESS: File found at W:\3D Files Cabinet - Copy\Storage\Modular Drawers 2.0 - 2539830\Modular drawers for electronics engineers\Modular drawers for electronics engineers - 5497981 - part 1 of 2\files\Larger_storage_middle_female-stl-munchie.json
[2026-02-12T18:35:06.614Z] [Tags Debug] Current tags in file: ["files"]
[2026-02-12T18:35:06.614Z] [Tags Debug] Incoming changes: []
[2026-02-12T18:35:06.615Z] [Tags Debug] Resulting tags to save: []
[2026-02-12T18:35:06.638Z] saveModel called for ID: W--3D-Files-Cabinet---Copy-Storage-Modular-Drawers-2-0---2539830-Modular-drawers-for-electronics-engineers-Modular-drawers-for-electronics-engineers---5497981---part-1-of-2-files-Larger_storage_middle_male-6b3db0a6, filePath: Storage/Modular Drawers 2.0 - 2539830/Modular drawers for electronics engineers/Modular drawers for electronics engineers - 5497981 - part 1 of 2/files/Larger_storage_middle_male.stl
[2026-02-12T18:35:06.638Z] Initial absoluteFilePath: W:\3D Files Cabinet - Copy\Storage\Modular Drawers 2.0 - 2539830\Modular drawers for electronics engineers\Modular drawers for electronics engineers - 5497981 - part 1 of 2\files\Larger_storage_middle_male.stl
[2026-02-12T18:35:06.639Z] Resolved absoluteFilePath: W:\3D Files Cabinet - Copy\Storage\Modular Drawers 2.0 - 2539830\Modular drawers for electronics engineers\Modular drawers for electronics engineers - 5497981 - part 1 of 2\files\Larger_storage_middle_male-stl-munchie.json
[2026-02-12T18:35:06.640Z] SUCCESS: File found at W:\3D Files Cabinet - Copy\Storage\Modular Drawers 2.0 - 2539830\Modular drawers for electronics engineers\Modular drawers for electronics engineers - 5497981 - part 1 of 2\files\Larger_storage_middle_male-stl-munchie.json
[2026-02-12T18:35:06.641Z] [Tags Debug] Current tags in file: ["files"]
[2026-02-12T18:35:06.641Z] [Tags Debug] Incoming changes: []
[2026-02-12T18:35:06.641Z] [Tags Debug] Resulting tags to save: []
[2026-02-12T18:35:06.664Z] saveModel called for ID: W--3D-Files-Cabinet---Copy-Storage-Modular-Drawers-2-0---2539830-Modular-drawers-for-electronics-engineers-Modular-drawers-for-electronics-engineers---5497981---part-1-of-2-files-Scaffold-212742fd, filePath: Storage/Modular Drawers 2.0 - 2539830/Modular drawers for electronics engineers/Modular drawers for electronics engineers - 5497981 - part 1 of 2/files/Scaffold.stl
[2026-02-12T18:35:06.665Z] Initial absoluteFilePath: W:\3D Files Cabinet - Copy\Storage\Modular Drawers 2.0 - 2539830\Modular drawers for electronics engineers\Modular drawers for electronics engineers - 5497981 - part 1 of 2\files\Scaffold.stl
[2026-02-12T18:35:06.665Z] Resolved absoluteFilePath: W:\3D Files Cabinet - Copy\Storage\Modular Drawers 2.0 - 2539830\Modular drawers for electronics engineers\Modular drawers for electronics engineers - 5497981 - part 1 of 2\files\Scaffold-stl-munchie.json
[2026-02-12T18:35:06.666Z] SUCCESS: File found at W:\3D Files Cabinet - Copy\Storage\Modular Drawers 2.0 - 2539830\Modular drawers for electronics engineers\Modular drawers for electronics engineers - 5497981 - part 1 of 2\files\Scaffold-stl-munchie.json
[2026-02-12T18:35:06.666Z] [Tags Debug] Current tags in file: ["files"]
[2026-02-12T18:35:06.666Z] [Tags Debug] Incoming changes: []
[2026-02-12T18:35:06.667Z] [Tags Debug] Resulting tags to save: []
[2026-02-12T18:35:06.689Z] saveModel called for ID: W--3D-Files-Cabinet---Copy-Storage-Modular-Drawers-2-0---2539830-Modular-drawers-for-electronics-engineers-Modular-drawers-for-electronics-engineers---5497981---part-1-of-2-files-Shelf_female-5ee6de2b, filePath: Storage/Modular Drawers 2.0 - 2539830/Modular drawers for electronics engineers/Modular drawers for electronics engineers - 5497981 - part 1 of 2/files/Shelf_female.stl
[2026-02-12T18:35:06.690Z] Initial absoluteFilePath: W:\3D Files Cabinet - Copy\Storage\Modular Drawers 2.0 - 2539830\Modular drawers for electronics engineers\Modular drawers for electronics engineers - 5497981 - part 1 of 2\files\Shelf_female.stl
[2026-02-12T18:35:06.690Z] Resolved absoluteFilePath: W:\3D Files Cabinet - Copy\Storage\Modular Drawers 2.0 - 2539830\Modular drawers for electronics engineers\Modular drawers for electronics engineers - 5497981 - part 1 of 2\files\Shelf_female-stl-munchie.json
[2026-02-12T18:35:06.691Z] SUCCESS: File found at W:\3D Files Cabinet - Copy\Storage\Modular Drawers 2.0 - 2539830\Modular drawers for electronics engineers\Modular drawers for electronics engineers - 5497981 - part 1 of 2\files\Shelf_female-stl-munchie.json
[2026-02-12T18:35:06.691Z] [Tags Debug] Current tags in file: ["files"]
[2026-02-12T18:35:06.692Z] [Tags Debug] Incoming changes: []
[2026-02-12T18:35:06.692Z] [Tags Debug] Resulting tags to save: []
[2026-02-12T18:35:06.715Z] saveModel called for ID: W--3D-Files-Cabinet---Copy-Storage-Modular-Drawers-2-0---2539830-Modular-drawers-for-electronics-engineers-Modular-drawers-for-electronics-engineers---5497981---part-1-of-2-files-Shelf_male-c48d4d10, filePath: Storage/Modular Drawers 2.0 - 2539830/Modular drawers for electronics engineers/Modular drawers for electronics engineers - 5497981 - part 1 of 2/files/Shelf_male.stl
[2026-02-12T18:35:06.716Z] Initial absoluteFilePath: W:\3D Files Cabinet - Copy\Storage\Modular Drawers 2.0 - 2539830\Modular drawers for electronics engineers\Modular drawers for electronics engineers - 5497981 - part 1 of 2\files\Shelf_male.stl
[2026-02-12T18:35:06.716Z] Resolved absoluteFilePath: W:\3D Files Cabinet - Copy\Storage\Modular Drawers 2.0 - 2539830\Modular drawers for electronics engineers\Modular drawers for electronics engineers - 5497981 - part 1 of 2\files\Shelf_male-stl-munchie.json
[2026-02-12T18:35:06.717Z] SUCCESS: File found at W:\3D Files Cabinet - Copy\Storage\Modular Drawers 2.0 - 2539830\Modular drawers for electronics engineers\Modular drawers for electronics engineers - 5497981 - part 1 of 2\files\Shelf_male-stl-munchie.json
[2026-02-12T18:35:06.717Z] [Tags Debug] Current tags in file: ["files"]
[2026-02-12T18:35:06.717Z] [Tags Debug] Incoming changes: []
[2026-02-12T18:35:06.718Z] [Tags Debug] Resulting tags to save: []
[2026-02-12T18:35:06.741Z] saveModel called for ID: W--3D-Files-Cabinet---Copy-Storage-Modular-Drawers-2-0---2539830-Modular-drawers-for-electronics-engineers-Modular-drawers-for-electronics-engineers---5497981---part-1-of-2-files-Soldering_tip_holder_female-e7faa9d3, filePath: Storage/Modular Drawers 2.0 - 2539830/Modular drawers for electronics engineers/Modular drawers for electronics engineers - 5497981 - part 1 of 2/files/Soldering_tip_holder_female.stl
[2026-02-12T18:35:06.742Z] Initial absoluteFilePath: W:\3D Files Cabinet - Copy\Storage\Modular Drawers 2.0 - 2539830\Modular drawers for electronics engineers\Modular drawers for electronics engineers - 5497981 - part 1 of 2\files\Soldering_tip_holder_female.stl
[2026-02-12T18:35:06.742Z] Resolved absoluteFilePath: W:\3D Files Cabinet - Copy\Storage\Modular Drawers 2.0 - 2539830\Modular drawers for electronics engineers\Modular drawers for electronics engineers - 5497981 - part 1 of 2\files\Soldering_tip_holder_female-stl-munchie.json
[2026-02-12T18:35:06.743Z] SUCCESS: File found at W:\3D Files Cabinet - Copy\Storage\Modular Drawers 2.0 - 2539830\Modular drawers for electronics engineers\Modular drawers for electronics engineers - 5497981 - part 1 of 2\files\Soldering_tip_holder_female-stl-munchie.json
[2026-02-12T18:35:06.743Z] [Tags Debug] Current tags in file: ["files"]
[2026-02-12T18:35:06.743Z] [Tags Debug] Incoming changes: []
[2026-02-12T18:35:06.744Z] [Tags Debug] Resulting tags to save: []
[2026-02-12T18:35:06.766Z] saveModel called for ID: W--3D-Files-Cabinet---Copy-Storage-Modular-Drawers-2-0---2539830-Modular-drawers-for-electronics-engineers-Modular-drawers-for-electronics-engineers---5497981---part-1-of-2-files-Soldering_tip_holder_male-5d3702c5, filePath: Storage/Modular Drawers 2.0 - 2539830/Modular drawers for electronics engineers/Modular drawers for electronics engineers - 5497981 - part 1 of 2/files/Soldering_tip_holder_male.stl
[2026-02-12T18:35:06.766Z] Initial absoluteFilePath: W:\3D Files Cabinet - Copy\Storage\Modular Drawers 2.0 - 2539830\Modular drawers for electronics engineers\Modular drawers for electronics engineers - 5497981 - part 1 of 2\files\Soldering_tip_holder_male.stl
[2026-02-12T18:35:06.767Z] Resolved absoluteFilePath: W:\3D Files Cabinet - Copy\Storage\Modular Drawers 2.0 - 2539830\Modular drawers for electronics engineers\Modular drawers for electronics engineers - 5497981 - part 1 of 2\files\Soldering_tip_holder_male-stl-munchie.json
[2026-02-12T18:35:06.768Z] SUCCESS: File found at W:\3D Files Cabinet - Copy\Storage\Modular Drawers 2.0 - 2539830\Modular drawers for electronics engineers\Modular drawers for electronics engineers - 5497981 - part 1 of 2\files\Soldering_tip_holder_male-stl-munchie.json
[2026-02-12T18:35:06.768Z] [Tags Debug] Current tags in file: ["files"]
[2026-02-12T18:35:06.768Z] [Tags Debug] Incoming changes: []
[2026-02-12T18:35:06.768Z] [Tags Debug] Resulting tags to save: []
[2026-02-12T18:35:06.791Z] saveModel called for ID: W--3D-Files-Cabinet---Copy-Storage-Modular-Drawers-2-0---2539830-Modular-drawers-for-electronics-engineers-Modular-drawers-for-electronics-engineers---5497981---part-1-of-2-files-Tool_holder_female-589165f3, filePath: Storage/Modular Drawers 2.0 - 2539830/Modular drawers for electronics engineers/Modular drawers for electronics engineers - 5497981 - part 1 of 2/files/Tool_holder_female.stl
[2026-02-12T18:35:06.792Z] Initial absoluteFilePath: W:\3D Files Cabinet - Copy\Storage\Modular Drawers 2.0 - 2539830\Modular drawers for electronics engineers\Modular drawers for electronics engineers - 5497981 - part 1 of 2\files\Tool_holder_female.stl
[2026-02-12T18:35:06.792Z] Resolved absoluteFilePath: W:\3D Files Cabinet - Copy\Storage\Modular Drawers 2.0 - 2539830\Modular drawers for electronics engineers\Modular drawers for electronics engineers - 5497981 - part 1 of 2\files\Tool_holder_female-stl-munchie.json
[2026-02-12T18:35:06.793Z] SUCCESS: File found at W:\3D Files Cabinet - Copy\Storage\Modular Drawers 2.0 - 2539830\Modular drawers for electronics engineers\Modular drawers for electronics engineers - 5497981 - part 1 of 2\files\Tool_holder_female-stl-munchie.json
[2026-02-12T18:35:06.794Z] [Tags Debug] Current tags in file: ["files"]
[2026-02-12T18:35:06.794Z] [Tags Debug] Incoming changes: []
[2026-02-12T18:35:06.794Z] [Tags Debug] Resulting tags to save: []
[2026-02-12T18:35:06.817Z] saveModel called for ID: W--3D-Files-Cabinet---Copy-Storage-Modular-Drawers-2-0---2539830-Modular-drawers-for-electronics-engineers-Modular-drawers-for-electronics-engineers---5497981---part-1-of-2-files-Tool_holder_male-82b4ffe4, filePath: Storage/Modular Drawers 2.0 - 2539830/Modular drawers for electronics engineers/Modular drawers for electronics engineers - 5497981 - part 1 of 2/files/Tool_holder_male.stl
[2026-02-12T18:35:06.818Z] Initial absoluteFilePath: W:\3D Files Cabinet - Copy\Storage\Modular Drawers 2.0 - 2539830\Modular drawers for electronics engineers\Modular drawers for electronics engineers - 5497981 - part 1 of 2\files\Tool_holder_male.stl
[2026-02-12T18:35:06.818Z] Resolved absoluteFilePath: W:\3D Files Cabinet - Copy\Storage\Modular Drawers 2.0 - 2539830\Modular drawers for electronics engineers\Modular drawers for electronics engineers - 5497981 - part 1 of 2\files\Tool_holder_male-stl-munchie.json
[2026-02-12T18:35:06.819Z] SUCCESS: File found at W:\3D Files Cabinet - Copy\Storage\Modular Drawers 2.0 - 2539830\Modular drawers for electronics engineers\Modular drawers for electronics engineers - 5497981 - part 1 of 2\files\Tool_holder_male-stl-munchie.json
[2026-02-12T18:35:06.820Z] [Tags Debug] Current tags in file: ["files"]
[2026-02-12T18:35:06.820Z] [Tags Debug] Incoming changes: []
[2026-02-12T18:35:06.821Z] [Tags Debug] Resulting tags to save: []
[2026-02-12T18:35:06.843Z] saveModel called for ID: W--3D-Files-Cabinet---Copy-Storage-Modular-Drawers-2-0---2539830-Modular-drawers-for-electronics-engineers-Modular-drawers-for-electronics-engineers---5497981---part-2-of-2-files-Cable_holder_left_female-5d997a2e, filePath: Storage/Modular Drawers 2.0 - 2539830/Modular drawers for electronics engineers/Modular drawers for electronics engineers - 5497981 - part 2 of 2/files/Cable_holder_left_female.stl
[2026-02-12T18:35:06.844Z] Initial absoluteFilePath: W:\3D Files Cabinet - Copy\Storage\Modular Drawers 2.0 - 2539830\Modular drawers for electronics engineers\Modular drawers for electronics engineers - 5497981 - part 2 of 2\files\Cable_holder_left_female.stl
[2026-02-12T18:35:06.844Z] Resolved absoluteFilePath: W:\3D Files Cabinet - Copy\Storage\Modular Drawers 2.0 - 2539830\Modular drawers for electronics engineers\Modular drawers for electronics engineers - 5497981 - part 2 of 2\files\Cable_holder_left_female-stl-munchie.json
[2026-02-12T18:35:06.847Z] SUCCESS: File found at W:\3D Files Cabinet - Copy\Storage\Modular Drawers 2.0 - 2539830\Modular drawers for electronics engineers\Modular drawers for electronics engineers - 5497981 - part 2 of 2\files\Cable_holder_left_female-stl-munchie.json
[2026-02-12T18:35:06.849Z] [Tags Debug] Current tags in file: ["files"]
[2026-02-12T18:35:06.850Z] [Tags Debug] Incoming changes: []
[2026-02-12T18:35:06.851Z] [Tags Debug] Resulting tags to save: []
[2026-02-12T18:35:06.868Z] saveModel called for ID: W--3D-Files-Cabinet---Copy-Storage-Modular-Drawers-2-0---2539830-Modular-drawers-for-electronics-engineers-Modular-drawers-for-electronics-engineers---5497981---part-2-of-2-files-Cable_holder_right_male-3e3b1563, filePath: Storage/Modular Drawers 2.0 - 2539830/Modular drawers for electronics engineers/Modular drawers for electronics engineers - 5497981 - part 2 of 2/files/Cable_holder_right_male.stl
[2026-02-12T18:35:06.869Z] Initial absoluteFilePath: W:\3D Files Cabinet - Copy\Storage\Modular Drawers 2.0 - 2539830\Modular drawers for electronics engineers\Modular drawers for electronics engineers - 5497981 - part 2 of 2\files\Cable_holder_right_male.stl
[2026-02-12T18:35:06.869Z] Resolved absoluteFilePath: W:\3D Files Cabinet - Copy\Storage\Modular Drawers 2.0 - 2539830\Modular drawers for electronics engineers\Modular drawers for electronics engineers - 5497981 - part 2 of 2\files\Cable_holder_right_male-stl-munchie.json
[2026-02-12T18:35:06.870Z] SUCCESS: File found at W:\3D Files Cabinet - Copy\Storage\Modular Drawers 2.0 - 2539830\Modular drawers for electronics engineers\Modular drawers for electronics engineers - 5497981 - part 2 of 2\files\Cable_holder_right_male-stl-munchie.json
[2026-02-12T18:35:06.871Z] [Tags Debug] Current tags in file: ["files"]
[2026-02-12T18:35:06.871Z] [Tags Debug] Incoming changes: []
[2026-02-12T18:35:06.871Z] [Tags Debug] Resulting tags to save: []
[2026-02-12T18:35:06.888Z] saveModel called for ID: W--3D-Files-Cabinet---Copy-Storage-Yet_Another_Cereal_Filament_Box_4716425-files-BoxWallMount-a4709b98, filePath: Storage/Yet_Another_Cereal_Filament_Box_4716425/files/BoxWallMount.stl
[2026-02-12T18:35:06.888Z] Initial absoluteFilePath: W:\3D Files Cabinet - Copy\Storage\Yet_Another_Cereal_Filament_Box_4716425\files\BoxWallMount.stl
[2026-02-12T18:35:06.889Z] Resolved absoluteFilePath: W:\3D Files Cabinet - Copy\Storage\Yet_Another_Cereal_Filament_Box_4716425\files\BoxWallMount-stl-munchie.json
[2026-02-12T18:35:06.892Z] SUCCESS: File found at W:\3D Files Cabinet - Copy\Storage\Yet_Another_Cereal_Filament_Box_4716425\files\BoxWallMount-stl-munchie.json
[2026-02-12T18:35:06.894Z] [Tags Debug] Current tags in file: ["files"]
[2026-02-12T18:35:06.895Z] [Tags Debug] Incoming changes: []
[2026-02-12T18:35:06.895Z] [Tags Debug] Resulting tags to save: []
[2026-02-12T18:35:06.922Z] saveModel called for ID: W--3D-Files-Cabinet---Copy-Storage-Yet_Another_Cereal_Filament_Box_4716425-files-BoxWallMountSlim-d5efaf48, filePath: Storage/Yet_Another_Cereal_Filament_Box_4716425/files/BoxWallMountSlim.stl
[2026-02-12T18:35:06.923Z] Initial absoluteFilePath: W:\3D Files Cabinet - Copy\Storage\Yet_Another_Cereal_Filament_Box_4716425\files\BoxWallMountSlim.stl
[2026-02-12T18:35:06.924Z] Resolved absoluteFilePath: W:\3D Files Cabinet - Copy\Storage\Yet_Another_Cereal_Filament_Box_4716425\files\BoxWallMountSlim-stl-munchie.json
[2026-02-12T18:35:06.924Z] SUCCESS: File found at W:\3D Files Cabinet - Copy\Storage\Yet_Another_Cereal_Filament_Box_4716425\files\BoxWallMountSlim-stl-munchie.json
[2026-02-12T18:35:06.925Z] [Tags Debug] Current tags in file: ["files"]
[2026-02-12T18:35:06.925Z] [Tags Debug] Incoming changes: []
[2026-02-12T18:35:06.926Z] [Tags Debug] Resulting tags to save: []
[2026-02-12T18:35:06.943Z] saveModel called for ID: W--3D-Files-Cabinet---Copy-Storage-Yet_Another_Cereal_Filament_Box_4716425-files-HumiditySensorMount-030507b4, filePath: Storage/Yet_Another_Cereal_Filament_Box_4716425/files/HumiditySensorMount.stl
[2026-02-12T18:35:06.944Z] Initial absoluteFilePath: W:\3D Files Cabinet - Copy\Storage\Yet_Another_Cereal_Filament_Box_4716425\files\HumiditySensorMount.stl
[2026-02-12T18:35:06.944Z] Resolved absoluteFilePath: W:\3D Files Cabinet - Copy\Storage\Yet_Another_Cereal_Filament_Box_4716425\files\HumiditySensorMount-stl-munchie.json
[2026-02-12T18:35:06.945Z] SUCCESS: File found at W:\3D Files Cabinet - Copy\Storage\Yet_Another_Cereal_Filament_Box_4716425\files\HumiditySensorMount-stl-munchie.json
[2026-02-12T18:35:06.946Z] [Tags Debug] Current tags in file: ["files"]
[2026-02-12T18:35:06.946Z] [Tags Debug] Incoming changes: []
[2026-02-12T18:35:06.947Z] [Tags Debug] Resulting tags to save: []
[2026-02-12T18:35:06.962Z] saveModel called for ID: W--3D-Files-Cabinet---Copy-Storage-Yet_Another_Cereal_Filament_Box_4716425-files-Nut-0db5d541, filePath: Storage/Yet_Another_Cereal_Filament_Box_4716425/files/Nut.stl
[2026-02-12T18:35:06.963Z] Initial absoluteFilePath: W:\3D Files Cabinet - Copy\Storage\Yet_Another_Cereal_Filament_Box_4716425\files\Nut.stl
[2026-02-12T18:35:06.964Z] Resolved absoluteFilePath: W:\3D Files Cabinet - Copy\Storage\Yet_Another_Cereal_Filament_Box_4716425\files\Nut-stl-munchie.json
[2026-02-12T18:35:06.965Z] SUCCESS: File found at W:\3D Files Cabinet - Copy\Storage\Yet_Another_Cereal_Filament_Box_4716425\files\Nut-stl-munchie.json
[2026-02-12T18:35:06.965Z] [Tags Debug] Current tags in file: ["files"]
[2026-02-12T18:35:06.965Z] [Tags Debug] Incoming changes: []
[2026-02-12T18:35:06.966Z] [Tags Debug] Resulting tags to save: []
[2026-02-12T18:35:06.983Z] saveModel called for ID: W--3D-Files-Cabinet---Copy-Storage-Yet_Another_Cereal_Filament_Box_4716425-files-NutGrabber-4cc5de70, filePath: Storage/Yet_Another_Cereal_Filament_Box_4716425/files/NutGrabber.stl
[2026-02-12T18:35:06.983Z] Initial absoluteFilePath: W:\3D Files Cabinet - Copy\Storage\Yet_Another_Cereal_Filament_Box_4716425\files\NutGrabber.stl
[2026-02-12T18:35:06.984Z] Resolved absoluteFilePath: W:\3D Files Cabinet - Copy\Storage\Yet_Another_Cereal_Filament_Box_4716425\files\NutGrabber-stl-munchie.json
[2026-02-12T18:35:06.985Z] SUCCESS: File found at W:\3D Files Cabinet - Copy\Storage\Yet_Another_Cereal_Filament_Box_4716425\files\NutGrabber-stl-munchie.json
[2026-02-12T18:35:06.985Z] [Tags Debug] Current tags in file: ["files"]
[2026-02-12T18:35:06.986Z] [Tags Debug] Incoming changes: []
[2026-02-12T18:35:06.986Z] [Tags Debug] Resulting tags to save: []
[2026-02-12T18:35:07.002Z] saveModel called for ID: W--3D-Files-Cabinet---Copy-Storage-Yet_Another_Cereal_Filament_Box_4716425-files-Passthrough-d29e28c7, filePath: Storage/Yet_Another_Cereal_Filament_Box_4716425/files/Passthrough.stl
[2026-02-12T18:35:07.002Z] Initial absoluteFilePath: W:\3D Files Cabinet - Copy\Storage\Yet_Another_Cereal_Filament_Box_4716425\files\Passthrough.stl
[2026-02-12T18:35:07.003Z] Resolved absoluteFilePath: W:\3D Files Cabinet - Copy\Storage\Yet_Another_Cereal_Filament_Box_4716425\files\Passthrough-stl-munchie.json
[2026-02-12T18:35:07.003Z] SUCCESS: File found at W:\3D Files Cabinet - Copy\Storage\Yet_Another_Cereal_Filament_Box_4716425\files\Passthrough-stl-munchie.json
[2026-02-12T18:35:07.004Z] [Tags Debug] Current tags in file: ["files"]
[2026-02-12T18:35:07.004Z] [Tags Debug] Incoming changes: []
[2026-02-12T18:35:07.004Z] [Tags Debug] Resulting tags to save: []
[2026-02-12T18:35:07.020Z] saveModel called for ID: W--3D-Files-Cabinet---Copy-Storage-Yet_Another_Cereal_Filament_Box_4716425-files-SpoolFastener-2381f970, filePath: Storage/Yet_Another_Cereal_Filament_Box_4716425/files/SpoolFastener.stl
[2026-02-12T18:35:07.021Z] Initial absoluteFilePath: W:\3D Files Cabinet - Copy\Storage\Yet_Another_Cereal_Filament_Box_4716425\files\SpoolFastener.stl
[2026-02-12T18:35:07.021Z] Resolved absoluteFilePath: W:\3D Files Cabinet - Copy\Storage\Yet_Another_Cereal_Filament_Box_4716425\files\SpoolFastener-stl-munchie.json
[2026-02-12T18:35:07.022Z] SUCCESS: File found at W:\3D Files Cabinet - Copy\Storage\Yet_Another_Cereal_Filament_Box_4716425\files\SpoolFastener-stl-munchie.json
[2026-02-12T18:35:07.023Z] [Tags Debug] Current tags in file: ["files"]
[2026-02-12T18:35:07.023Z] [Tags Debug] Incoming changes: []
[2026-02-12T18:35:07.023Z] [Tags Debug] Resulting tags to save: []
[2026-02-12T18:35:07.039Z] saveModel called for ID: W--3D-Files-Cabinet---Copy-Storage-Yet_Another_Cereal_Filament_Box_4716425-files-SpoolFastenerBig-02b316ff, filePath: Storage/Yet_Another_Cereal_Filament_Box_4716425/files/SpoolFastenerBig.stl
[2026-02-12T18:35:07.039Z] Initial absoluteFilePath: W:\3D Files Cabinet - Copy\Storage\Yet_Another_Cereal_Filament_Box_4716425\files\SpoolFastenerBig.stl
[2026-02-12T18:35:07.039Z] Resolved absoluteFilePath: W:\3D Files Cabinet - Copy\Storage\Yet_Another_Cereal_Filament_Box_4716425\files\SpoolFastenerBig-stl-munchie.json
[2026-02-12T18:35:07.040Z] SUCCESS: File found at W:\3D Files Cabinet - Copy\Storage\Yet_Another_Cereal_Filament_Box_4716425\files\SpoolFastenerBig-stl-munchie.json
[2026-02-12T18:35:07.041Z] [Tags Debug] Current tags in file: ["files"]
[2026-02-12T18:35:07.041Z] [Tags Debug] Incoming changes: []
[2026-02-12T18:35:07.041Z] [Tags Debug] Resulting tags to save: []
